Workbook

Sheet Final_evaluation
A1: instance | B1: crash_detection_gemini_code | C1: crash_detection_gemini_runinfo | D1: crash_detection_gemini_runinfo_full_doc | E1: crash_detection_gemini_runinfo_r_v | F1: crash_detection_gemini_runinfo_s_r | G1: crash_detection_gemini_runinfo_s_v | H1: crash_detection_qwen_code | I1: crash_detection_qwen_runinfo | J1: crash_detection_qwen_runinfo_full_doc | K1: crash_detection_qwen_runinfo_r_v | L1: crash_detection_qwen_runinfo_s_r | M1: crash_detection_qwen_runinfo_s_v | N1: crash_detection_gpt5_code | O1: crash_detection_gpt5_runinfo | P1: crash_detection_gpt5_runinfo_full_doc | Q1: crash_detection_gpt5_runinfo_r_v | R1: crash_detection_gpt5_runinfo_s_r | S1: crash_detection_gpt5_runinfo_s_v
A2: tensorflow_1_fixed | B2: correct | C2: correct | D2: correct | E2: correct | F2: correct | G2: correct | H2: correct | I2: correct | J2: correct | K2: correct | L2: correct | M2: correct | N2: correct | O2: correct | P2: correct | Q2: correct | R2: correct | S2: correct
A3: tensorflow_2_fixed | B3: correct | C3: wrong | D3: wrong | E3: correct | F3: wrong | G3: wrong | H3: correct | I3: correct | J3: correct | K3: correct | L3: correct | M3: correct | N3: correct | O3: correct | P3: correct | Q3: correct | R3: correct | S3: correct
A4: tensorflow_3_fixed | B4: correct | C4: correct | D4: correct | E4: correct | F4: correct | G4: correct | H4: correct | I4: correct | J4: correct | K4: correct | L4: correct | M4: correct | N4: correct | O4: correct | P4: correct | Q4: correct | R4: correct | S4: correct
A5: tensorflow_4_fixed | B5: wrong | C5: wrong | D5: wrong | E5: wrong | F5: wrong | G5: wrong | H5: correct | I5: correct | J5: correct | K5: correct | L5: correct | M5: correct | N5: wrong | O5: wrong | P5: wrong | Q5: correct | R5: wrong | S5: correct
A6: tensorflow_5_fixed | B6: wrong | C6: wrong | D6: wrong | E6: wrong | F6: wrong | G6: wrong | H6: correct | I6: correct | J6: correct | K6: correct | L6: correct | M6: correct | N6: correct | O6: correct | P6: correct | Q6: correct | R6: correct | S6: correct
A7: tensorflow_6_fixed | B7: wrong | C7: wrong | D7: wrong | E7: wrong | F7: correct | G7: wrong | H7: wrong | I7: correct | J7: correct | K7: correct | L7: correct | M7: correct | N7: correct | O7: correct | P7: correct | Q7: correct | R7: correct | S7: correct
A8: tensorflow_7_fixed | B8: correct | C8: wrong | D8: wrong | E8: wrong | F8: wrong | G8: wrong | H8: wrong | I8: correct | J8: correct | K8: correct | L8: correct | M8: correct | N8: correct | O8: correct | P8: correct | Q8: correct | R8: correct | S8: correct
A9: tensorflow_8_fixed | B9: wrong | C9: wrong | D9: wrong | E9: wrong | F9: wrong | G9: wrong | H9: correct | I9: correct | J9: correct | K9: correct | L9: wrong | M9: wrong | N9: correct | O9: correct | P9: wrong | Q9: wrong | R9: wrong | S9: wrong
A10: tensorflow_9_fixed | B10: wrong | C10: correct | D10: correct | E10: correct | F10: correct | G10: wrong | H10: wrong | I10: correct | J10: correct | K10: wrong | L10: wrong | M10: wrong | N10: correct | O10: correct | P10: correct | Q10: correct | R10: correct | S10: correct
A11: tensorflow_10_fixed | B11: wrong | C11: wrong | D11: correct | E11: correct | F11: correct | G11: wrong | H11: wrong | I11: correct | J11: correct | K11: correct | L11: correct | M11: wrong | N11: correct | O11: correct | P11: correct | Q11: correct | R11: correct | S11: correct
A12: tensorflow_11_fixed | B12: wrong | C12: wrong | D12: wrong | E12: wrong | F12: wrong | G12: wrong | H12: correct | I12: correct | J12: correct | K12: correct | L12: correct | M12: correct | N12: correct | O12: correct | P12: correct | Q12: correct | R12: correct | S12: correct
... A223: NBspecific_20_reproduced | B223: correct | C223: correct | D223: correct | E223: correct | F223: correct | G223: correct | H223: correct | I223: correct | J223: correct | K223: correct | L223: correct | M223: correct | N223: correct | O223: correct | P223: correct | Q223: correct | R223: correct | S223: correct
A224: FP_tensorflow | B224: {=SUM(COUNTIF(Final_evaluation!$B$2:'Final_evaluation'!$B$16, {"<>correct"}))} -> 9 | C224: {=SUM(COUNTIF(Final_evaluation!$C$2:'Final_evaluation'!$C$16, {"<>correct"}))} -> 11 | D224: {=SUM(COUNTIF(Final_evaluation!$D$2:'Final_evaluation'!$D$16, {"<>correct"}))} -> 9 | E224: {=SUM(COUNTIF(Final_evaluation!$E$2:'Final_evaluation'!$E$16, {"<>correct"}))} -> 8 | F224: {=SUM(COUNTIF(Final_evaluation!$F$2:'Final_evaluation'!$F$16, {"<>correct"}))} -> 8 | G224: {=SUM(COUNTIF(Final_evaluation!$G$2:'Final_evaluation'!$G$16, {"<>correct"}))} -> 11 | H224: {=SUM(COUNTIF(Final_evaluation!$H$2:'Final_evaluation'!$H$16, {"<>correct"}))} -> 5 | I224: {=SUM(COUNTIF(Final_evaluation!$I$2:'Final_evaluation'!$I$16, {"<>correct"}))} -> 0 | J224: {=SUM(COUNTIF(Final_evaluation!$J$2:'Final_evaluation'!$J$16, {"<>correct"}))} -> 0 | K224: {=SUM(COUNTIF(Final_evaluation!$K$2:'Final_evaluation'!$K$16, {"<>correct"}))} -> 2 | L224: {=SUM(COUNTIF(Final_evaluation!$L$2:'Final_evaluation'!$L$16, {"<>correct"}))} -> 2 | M224: {=SUM(COUNTIF(Final_evaluation!$M$2:'Final_evaluation'!$M$16, {"<>correct"}))} -> 4 | N224: {=SUM(COUNTIF(Final_evaluation!$N$2:'Final_evaluation'!$N$16, {"<>correct"}))} -> 3 | O224: {=SUM(COUNTIF(Final_evaluation!$O$2:'Final_evaluation'!$O$16, {"<>correct"}))} -> 2 | P224: {=SUM(COUNTIF(Final_evaluation!$P$2:'Final_evaluation'!$P$16, {"<>correct"}))} -> 3 | Q224: {=SUM(COUNTIF(Final_evaluation!$Q$2:'Final_evaluation'!$Q$16, {"<>correct"}))} -> 2 | R224: {=SUM(COUNTIF(Final_evaluation!$R$2:'Final_evaluation'!$R$16, {"<>correct"}))} -> 3 | S224: {=SUM(COUNTIF(Final_evaluation!$S$2:'Final_evaluation'!$S$16, {"<>correct"}))} -> 3
A225: FN_tensorflow | B225: {=SUM(COUNTIF(Final_evaluation!$B$17:'Final_evaluation'!$B$31, {"<>correct"}))} -> 2 | C225: {=SUM(COUNTIF(Final_evaluation!$C$17:'Final_evaluation'!$C$31, {"<>correct"}))} -> 1 | D225: {=SUM(COUNTIF(Final_evaluation!$D$17:'Final_evaluation'!$D$31, {"<>correct"}))} -> 1 | E225: {=SUM(COUNTIF(Final_evaluation!$E$17:'Final_evaluation'!$E$31, {"<>correct"}))} -> 1 | F225: {=SUM(COUNTIF(Final_evaluation!$F$17:'Final_evaluation'!$F$31, {"<>correct"}))} -> 2 | G225: {=SUM(COUNTIF(Final_evaluation!$G$17:'Final_evaluation'!$G$31, {"<>correct"}))} -> 1 | H225: {=SUM(COUNTIF(Final_evaluation!$H$17:'Final_evaluation'!$H$31, {"<>correct"}))} -> 3 | I225: {=SUM(COUNTIF(Final_evaluation!$I$17:'Final_evaluation'!$I$31, {"<>correct"}))} -> 2 | J225: {=SUM(COUNTIF(Final_evaluation!$J$17:'Final_evaluation'!$J$31, {"<>correct"}))} -> 3 | K225: {=SUM(COUNTIF(Final_evaluation!$K$17:'Final_evaluation'!$K$31, {"<>correct"}))} -> 3 | L225: {=SUM(COUNTIF(Final_evaluation!$L$17:'Final_evaluation'!$L$31, {"<>correct"}))} -> 3 | M225: {=SUM(COUNTIF(Final_evaluation!$M$17:'Final_evaluation'!$M$31, {"<>correct"}))} -> 2 | N225: {=SUM(COUNTIF(Final_evaluation!$N$17:'Final_evaluation'!$N$31, {"<>correct"}))} -> 2 | O225: {=SUM(COUNTIF(Final_evaluation!$O$17:'Final_evaluation'!$O$31, {"<>correct"}))} -> 3 | P225: {=SUM(COUNTIF(Final_evaluation!$P$17:'Final_evaluation'!$P$31, {"<>correct"}))} -> 2 | Q225: {=SUM(COUNTIF(Final_evaluation!$Q$17:'Final_evaluation'!$Q$31, {"<>correct"}))} -> 2 | R225: {=SUM(COUNTIF(Final_evaluation!$R$17:'Final_evaluation'!$R$31, {"<>correct"}))} -> 3 | S225: {=SUM(COUNTIF(Final_evaluation!$S$17:'Final_evaluation'!$S$31, {"<>correct"}))} -> 2
A226: FP_torch | B226: {=SUM(COUNTIF(Final_evaluation!$B$32:'Final_evaluation'!$B$46, {"<>correct"}))} -> 10 | C226: {=SUM(COUNTIF(Final_evaluation!$C$32:'Final_evaluation'!$C$46, {"<>correct"}))} -> 10 | D226: {=SUM(COUNTIF(Final_evaluation!$D$32:'Final_evaluation'!$D$46, {"<>correct"}))} -> 7 | E226: {=SUM(COUNTIF(Final_evaluation!$E$32:'Final_evaluation'!$E$46, {"<>correct"}))} -> 9 | F226: {=SUM(COUNTIF(Final_evaluation!$F$32:'Final_evaluation'!$F$46, {"<>correct"}))} -> 5 | G226: {=SUM(COUNTIF(Final_evaluation!$G$32:'Final_evaluation'!$G$46, {"<>correct"}))} -> 8 | H226: {=SUM(COUNTIF(Final_evaluation!$H$32:'Final_evaluation'!$H$46, {"<>correct"}))} -> 5 | I226: {=SUM(COUNTIF(Final_evaluation!$I$32:'Final_evaluation'!$I$46, {"<>correct"}))} -> 5 | J226: {=SUM(COUNTIF(Final_evaluation!$J$32:'Final_evaluation'!$J$46, {"<>correct"}))} -> 5 | K226: {=SUM(COUNTIF(Final_evaluation!$K$32:'Final_evaluation'!$K$46, {"<>correct"}))} -> 4 | L226: {=SUM(COUNTIF(Final_evaluation!$L$32:'Final_evaluation'!$L$46, {"<>correct"}))} -> 3 | M226: {=SUM(COUNTIF(Final_evaluation!$M$32:'Final_evaluation'!$M$46, {"<>correct"}))} -> 6 | N226: {=SUM(COUNTIF(Final_evaluation!$N$32:'Final_evaluation'!$N$46, {"<>correct"}))} -> 3 | O226: {=SUM(COUNTIF(Final_evaluation!$O$32:'Final_evaluation'!$O$46, {"<>correct"}))} -> 5 | P226: {=SUM(COUNTIF(Final_evaluation!$P$32:'Final_evaluation'!$P$46, {"<>correct"}))} -> 4 | Q226: {=SUM(COUNTIF(Final_evaluation!$Q$32:'Final_evaluation'!$Q$46, {"<>correct"}))} -> 4 | R226: {=SUM(COUNTIF(Final_evaluation!$R$32:'Final_evaluation'!$R$46, {"<>correct"}))} -> 5 | S226: {=SUM(COUNTIF(Final_evaluation!$S$32:'Final_evaluation'!$S$46, {"<>correct"}))} -> 4
A227: FN_torch | B227: {=SUM(COUNTIF(Final_evaluation!$B$47:'Final_evaluation'!$B$61, {"<>correct"}))} -> 4 | C227: {=SUM(COUNTIF(Final_evaluation!$C$47:'Final_evaluation'!$C$61, {"<>correct"}))} -> 2 | D227: {=SUM(COUNTIF(Final_evaluation!$D$47:'Final_evaluation'!$D$61, {"<>correct"}))} -> 2 | E227: {=SUM(COUNTIF(Final_evaluation!$E$47:'Final_evaluation'!$E$61, {"<>correct"}))} -> 4 | F227: {=SUM(COUNTIF(Final_evaluation!$F$47:'Final_evaluation'!$F$61, {"<>correct"}))} -> 5 | G227: {=SUM(COUNTIF(Final_evaluation!$G$47:'Final_evaluation'!$G$61, {"<>correct"}))} -> 2 | H227: {=SUM(COUNTIF(Final_evaluation!$H$47:'Final_evaluation'!$H$61, {"<>correct"}))} -> 9 | I227: {=SUM(COUNTIF(Final_evaluation!$I$47:'Final_evaluation'!$I$61, {"<>correct"}))} -> 7 | J227: {=SUM(COUNTIF(Final_evaluation!$J$47:'Final_evaluation'!$J$61, {"<>correct"}))} -> 10 | K227: {=SUM(COUNTIF(Final_evaluation!$K$47:'Final_evaluation'!$K$61, {"<>correct"}))} -> 11 | L227: {=SUM(COUNTIF(Final_evaluation!$L$47:'Final_evaluation'!$L$61, {"<>correct"}))} -> 11 | M227: {=SUM(COUNTIF(Final_evaluation!$M$47:'Final_evaluation'!$M$61, {"<>correct"}))} -> 6 | N227: {=SUM(COUNTIF(Final_evaluation!$N$47:'Final_evaluation'!$N$61, {"<>correct"}))} -> 5 | O227: {=SUM(COUNTIF(Final_evaluation!$O$47:'Final_evaluation'!$O$61, {"<>correct"}))} -> 3 | P227: {=SUM(COUNTIF(Final_evaluation!$P$47:'Final_evaluation'!$P$61, {"<>correct"}))} -> 3 | Q227: {=SUM(COUNTIF(Final_evaluation!$Q$47:'Final_evaluation'!$Q$61, {"<>correct"}))} -> 4 | R227: {=SUM(COUNTIF(Final_evaluation!$R$47:'Final_evaluation'!$R$61, {"<>correct"}))} -> 5 | S227: {=SUM(COUNTIF(Final_evaluation!$S$47:'Final_evaluation'!$S$61, {"<>correct"}))} -> 4
A228: FP_sklearn | B228: {=SUM(COUNTIF(Final_evaluation!$B$62:'Final_evaluation'!$B$76, {"<>correct"}))} -> 5 | C228: {=SUM(COUNTIF(Final_evaluation!$C$62:'Final_evaluation'!$C$76, {"<>correct"}))} -> 4 | D228: {=SUM(COUNTIF(Final_evaluation!$D$62:'Final_evaluation'!$D$76, {"<>correct"}))} -> 3 | E228: {=SUM(COUNTIF(Final_evaluation!$E$62:'Final_evaluation'!$E$76, {"<>correct"}))} -> 5 | F228: {=SUM(COUNTIF(Final_evaluation!$F$62:'Final_evaluation'!$F$76, {"<>correct"}))} -> 3 | G228: {=SUM(COUNTIF(Final_evaluation!$G$62:'Final_evaluation'!$G$76, {"<>correct"}))} -> 4 | H228: {=SUM(COUNTIF(Final_evaluation!$H$62:'Final_evaluation'!$H$76, {"<>correct"}))} -> 2 | I228: {=SUM(COUNTIF(Final_evaluation!$I$62:'Final_evaluation'!$I$76, {"<>correct"}))} -> 1 | J228: {=SUM(COUNTIF(Final_evaluation!$J$62:'Final_evaluation'!$J$76, {"<>correct"}))} -> 1 | K228: {=SUM(COUNTIF(Final_evaluation!$K$62:'Final_evaluation'!$K$76, {"<>correct"}))} -> 2 | L228: {=SUM(COUNTIF(Final_evaluation!$L$62:'Final_evaluation'!$L$76, {"<>correct"}))} -> 1 | M228: {=SUM(COUNTIF(Final_evaluation!$M$62:'Final_evaluation'!$M$76, {"<>correct"}))} -> 2 | N228: {=SUM(COUNTIF(Final_evaluation!$N$62:'Final_evaluation'!$N$76, {"<>correct"}))} -> 2 | O228: {=SUM(COUNTIF(Final_evaluation!$O$62:'Final_evaluation'!$O$76, {"<>correct"}))} -> 3 | P228: {=SUM(COUNTIF(Final_evaluation!$P$62:'Final_evaluation'!$P$76, {"<>correct"}))} -> 1 | Q228: {=SUM(COUNTIF(Final_evaluation!$Q$62:'Final_evaluation'!$Q$76, {"<>correct"}))} -> 1 | R228: {=SUM(COUNTIF(Final_evaluation!$R$62:'Final_evaluation'!$R$76, {"<>correct"}))} -> 0 | S228: {=SUM(COUNTIF(Final_evaluation!$S$62:'Final_evaluation'!$S$76, {"<>correct"}))} -> 3
A229: FN_sklearn | B229: {=SUM(COUNTIF(Final_evaluation!$B$77:'Final_evaluation'!$B$91, {"<>correct"}))} -> 5 | C229: {=SUM(COUNTIF(Final_evaluation!$C$77:'Final_evaluation'!$C$91, {"<>correct"}))} -> 0 | D229: {=SUM(COUNTIF(Final_evaluation!$D$77:'Final_evaluation'!$D$91, {"<>correct"}))} -> 0 | E229: {=SUM(COUNTIF(Final_evaluation!$E$77:'Final_evaluation'!$E$91, {"<>correct"}))} -> 0 | F229: {=SUM(COUNTIF(Final_evaluation!$F$77:'Final_evaluation'!$F$91, {"<>correct"}))} -> 2 | G229: {=SUM(COUNTIF(Final_evaluation!$G$77:'Final_evaluation'!$G$91, {"<>correct"}))} -> 2 | H229: {=SUM(COUNTIF(Final_evaluation!$H$77:'Final_evaluation'!$H$91, {"<>correct"}))} -> 6 | I229: {=SUM(COUNTIF(Final_evaluation!$I$77:'Final_evaluation'!$I$91, {"<>correct"}))} -> 4 | J229: {=SUM(COUNTIF(Final_evaluation!$J$77:'Final_evaluation'!$J$91, {"<>correct"}))} -> 4 | K229: {=SUM(COUNTIF(Final_evaluation!$K$77:'Final_evaluation'!$K$91, {"<>correct"}))} -> 3 | L229: {=SUM(COUNTIF(Final_evaluation!$L$77:'Final_evaluation'!$L$91, {"<>correct"}))} -> 3 | M229: {=SUM(COUNTIF(Final_evaluation!$M$77:'Final_evaluation'!$M$91, {"<>correct"}))} -> 4 | N229: {=SUM(COUNTIF(Final_evaluation!$N$77:'Final_evaluation'!$N$91, {"<>correct"}))} -> 3 | O229: {=SUM(COUNTIF(Final_evaluation!$O$77:'Final_evaluation'!$O$91, {"<>correct"}))} -> 1 | P229: {=SUM(COUNTIF(Final_evaluation!$P$77:'Final_evaluation'!$P$91, {"<>correct"}))} -> 1 | Q229: {=SUM(COUNTIF(Final_evaluation!$Q$77:'Final_evaluation'!$Q$91, {"<>correct"}))} -> 1 | R229: {=SUM(COUNTIF(Final_evaluation!$R$77:'Final_evaluation'!$R$91, {"<>correct"}))} -> 1 | S229: {=SUM(COUNTIF(Final_evaluation!$S$77:'Final_evaluation'!$S$91, {"<>correct"}))} -> 0
A230: FP_pandas | B230: {=SUM(COUNTIF(Final_evaluation!$B$92:'Final_evaluation'!$B$106, {"<>correct"}))} -> 7 | C230: {=SUM(COUNTIF(Final_evaluation!$C$92:'Final_evaluation'!$C$106, {"<>correct"}))} -> 3 | D230: {=SUM(COUNTIF(Final_evaluation!$D$92:'Final_evaluation'!$D$106, {"<>correct"}))} -> 4 | E230: {=SUM(COUNTIF(Final_evaluation!$E$92:'Final_evaluation'!$E$106, {"<>correct"}))} -> 3 | F230: {=SUM(COUNTIF(Final_evaluation!$F$92:'Final_evaluation'!$F$106, {"<>correct"}))} -> 2 | G230: {=SUM(COUNTIF(Final_evaluation!$G$92:'Final_evaluation'!$G$106, {"<>correct"}))} -> 4 | H230: {=SUM(COUNTIF(Final_evaluation!$H$92:'Final_evaluation'!$H$106, {"<>correct"}))} -> 5 | I230: {=SUM(COUNTIF(Final_evaluation!$I$92:'Final_evaluation'!$I$106, {"<>correct"}))} -> 2 | J230: {=SUM(COUNTIF(Final_evaluation!$J$92:'Final_evaluation'!$J$106, {"<>correct"}))} -> 2 | K230: {=SUM(COUNTIF(Final_evaluation!$K$92:'Final_evaluation'!$K$106, {"<>correct"}))} -> 3 | L230: {=SUM(COUNTIF(Final_evaluation!$L$92:'Final_evaluation'!$L$106, {"<>correct"}))} -> 3 | M230: {=SUM(COUNTIF(Final_evaluation!$M$92:'Final_evaluation'!$M$106, {"<>correct"}))} -> 6 | N230: {=SUM(COUNTIF(Final_evaluation!$N$92:'Final_evaluation'!$N$106, {"<>correct"}))} -> 5 | O230: {=SUM(COUNTIF(Final_evaluation!$O$92:'Final_evaluation'!$O$106, {"<>correct"}))} -> 2 | P230: {=SUM(COUNTIF(Final_evaluation!$P$92:'Final_evaluation'!$P$106, {"<>correct"}))} -> 2 | Q230: {=SUM(COUNTIF(Final_evaluation!$Q$92:'Final_evaluation'!$Q$106, {"<>correct"}))} -> 2 | R230: {=SUM(COUNTIF(Final_evaluation!$R$92:'Final_evaluation'!$R$106, {"<>correct"}))} -> 3 | S230: {=SUM(COUNTIF(Final_evaluation!$S$92:'Final_evaluation'!$S$106, {"<>correct"}))} -> 1
A231: FN_pandas | B231: {=SUM(COUNTIF(Final_evaluation!$B$107:'Final_evaluation'!$B$121, {"<>correct"}))} -> 3 | C231: {=SUM(COUNTIF(Final_evaluation!$C$107:'Final_evaluation'!$C$121, {"<>correct"}))} -> 1 | D231: {=SUM(COUNTIF(Final_evaluation!$D$107:'Final_evaluation'!$D$121, {"<>correct"}))} -> 3 | E231: {=SUM(COUNTIF(Final_evaluation!$E$107:'Final_evaluation'!$E$121, {"<>correct"}))} -> 1 | F231: {=SUM(COUNTIF(Final_evaluation!$F$107:'Final_evaluation'!$F$121, {"<>correct"}))} -> 4 | G231: {=SUM(COUNTIF(Final_evaluation!$G$107:'Final_evaluation'!$G$121, {"<>correct"}))} -> 2 | H231: {=SUM(COUNTIF(Final_evaluation!$H$107:'Final_evaluation'!$H$121, {"<>correct"}))} -> 5 | I231: {=SUM(COUNTIF(Final_evaluation!$I$107:'Final_evaluation'!$I$121, {"<>correct"}))} -> 5 | J231: {=SUM(COUNTIF(Final_evaluation!$J$107:'Final_evaluation'!$J$121, {"<>correct"}))} -> 4 | K231: {=SUM(COUNTIF(Final_evaluation!$K$107:'Final_evaluation'!$K$121, {"<>correct"}))} -> 6 | L231: {=SUM(COUNTIF(Final_evaluation!$L$107:'Final_evaluation'!$L$121, {"<>correct"}))} -> 6 | M231: {=SUM(COUNTIF(Final_evaluation!$M$107:'Final_evaluation'!$M$121, {"<>correct"}))} -> 5 | N231: {=SUM(COUNTIF(Final_evaluation!$N$107:'Final_evaluation'!$N$121, {"<>correct"}))} -> 8 | O231: {=SUM(COUNTIF(Final_evaluation!$O$107:'Final_evaluation'!$O$121, {"<>correct"}))} -> 5 | P231: {=SUM(COUNTIF(Final_evaluation!$P$107:'Final_evaluation'!$P$121, {"<>correct"}))} -> 4 | Q231: {=SUM(COUNTIF(Final_evaluation!$Q$107:'Final_evaluation'!$Q$121, {"<>correct"}))} -> 4 | R231: {=SUM(COUNTIF(Final_evaluation!$R$107:'Final_evaluation'!$R$121, {"<>correct"}))} -> 7 | S231: {=SUM(COUNTIF(Final_evaluation!$S$107:'Final_evaluation'!$S$121, {"<>correct"}))} -> 3
A232: FP_numpy | B232: {=SUM(COUNTIF(Final_evaluation!$B$122:'Final_evaluation'!$B$136, {"<>correct"}))} -> 7 | C232: {=SUM(COUNTIF(Final_evaluation!$C$122:'Final_evaluation'!$C$136, {"<>correct"}))} -> 10 | D232: {=SUM(COUNTIF(Final_evaluation!$D$122:'Final_evaluation'!$D$136, {"<>correct"}))} -> 8 | E232: {=SUM(COUNTIF(Final_evaluation!$E$122:'Final_evaluation'!$E$136, {"<>correct"}))} -> 10 | F232: {=SUM(COUNTIF(Final_evaluation!$F$122:'Final_evaluation'!$F$136, {"<>correct"}))} -> 8 | G232: {=SUM(COUNTIF(Final_evaluation!$G$122:'Final_evaluation'!$G$136, {"<>correct"}))} -> 9 | H232: {=SUM(COUNTIF(Final_evaluation!$H$122:'Final_evaluation'!$H$136, {"<>correct"}))} -> 5 | I232: {=SUM(COUNTIF(Final_evaluation!$I$122:'Final_evaluation'!$I$136, {"<>correct"}))} -> 2 | J232: {=SUM(COUNTIF(Final_evaluation!$J$122:'Final_evaluation'!$J$136, {"<>correct"}))} -> 2 | K232: {=SUM(COUNTIF(Final_evaluation!$K$122:'Final_evaluation'!$K$136, {"<>correct"}))} -> 3 | L232: {=SUM(COUNTIF(Final_evaluation!$L$122:'Final_evaluation'!$L$136, {"<>correct"}))} -> 2 | M232: {=SUM(COUNTIF(Final_evaluation!$M$122:'Final_evaluation'!$M$136, {"<>correct"}))} -> 3 | N232: {=SUM(COUNTIF(Final_evaluation!$N$122:'Final_evaluation'!$N$136, {"<>correct"}))} -> 4 | O232: {=SUM(COUNTIF(Final_evaluation!$O$122:'Final_evaluation'!$O$136, {"<>correct"}))} -> 3 | P232: {=SUM(COUNTIF(Final_evaluation!$P$122:'Final_evaluation'!$P$136, {"<>correct"}))} -> 5 | Q232: {=SUM(COUNTIF(Final_evaluation!$Q$122:'Final_evaluation'!$Q$136, {"<>correct"}))} -> 4 | R232: {=SUM(COUNTIF(Final_evaluation!$R$122:'Final_evaluation'!$R$136, {"<>correct"}))} -> 5 | S232: {=SUM(COUNTIF(Final_evaluation!$S$122:'Final_evaluation'!$S$136, {"<>correct"}))} -> 4
A233: FN_numpy | B233: {=SUM(COUNTIF(Final_evaluation!$B$137:'Final_evaluation'!$B$151, {"<>correct"}))} -> 2 | C233: {=SUM(COUNTIF(Final_evaluation!$C$137:'Final_evaluation'!$C$151, {"<>correct"}))} -> 3 | D233: {=SUM(COUNTIF(Final_evaluation!$D$137:'Final_evaluation'!$D$151, {"<>correct"}))} -> 3 | E233: {=SUM(COUNTIF(Final_evaluation!$E$137:'Final_evaluation'!$E$151, {"<>correct"}))} -> 1 | F233: {=SUM(COUNTIF(Final_evaluation!$F$137:'Final_evaluation'!$F$151, {"<>correct"}))} -> 1 | G233: {=SUM(COUNTIF(Final_evaluation!$G$137:'Final_evaluation'!$G$151, {"<>correct"}))} -> 1 | H233: {=SUM(COUNTIF(Final_evaluation!$H$137:'Final_evaluation'!$H$151, {"<>correct"}))} -> 8 | I233: {=SUM(COUNTIF(Final_evaluation!$I$137:'Final_evaluation'!$I$151, {"<>correct"}))} -> 8 | J233: {=SUM(COUNTIF(Final_evaluation!$J$137:'Final_evaluation'!$J$151, {"<>correct"}))} -> 9 | K233: {=SUM(COUNTIF(Final_evaluation!$K$137:'Final_evaluation'!$K$151, {"<>correct"}))} -> 8 | L233: {=SUM(COUNTIF(Final_evaluation!$L$137:'Final_evaluation'!$L$151, {"<>correct"}))} -> 9 | M233: {=SUM(COUNTIF(Final_evaluation!$M$137:'Final_evaluation'!$M$151, {"<>correct"}))} -> 9 | N233: {=SUM(COUNTIF(Final_evaluation!$N$137:'Final_evaluation'!$N$151, {"<>correct"}))} -> 4 | O233: {=SUM(COUNTIF(Final_evaluation!$O$137:'Final_evaluation'!$O$151, {"<>correct"}))} -> 4 | P233: {=SUM(COUNTIF(Final_evaluation!$P$137:'Final_evaluation'!$P$151, {"<>correct"}))} -> 5 | Q233: {=SUM(COUNTIF(Final_evaluation!$Q$137:'Final_evaluation'!$Q$151, {"<>correct"}))} -> 4 | R233: {=SUM(COUNTIF(Final_evaluation!$R$137:'Final_evaluation'!$R$151, {"<>correct"}))} -> 4 | S233: {=SUM(COUNTIF(Final_evaluation!$S$137:'Final_evaluation'!$S$151, {"<>correct"}))} -> 4
A234: FP_other | B234: {=SUM(COUNTIF(Final_evaluation!$B$152:'Final_evaluation'!$B$167, {"<>correct"}))} -> 7 | C234: {=SUM(COUNTIF(Final_evaluation!$C$152:'Final_evaluation'!$C$167, {"<>correct"}))} -> 6 | D234: {=SUM(COUNTIF(Final_evaluation!$D$152:'Final_evaluation'!$D$167, {"<>correct"}))} -> 10 | E234: {=SUM(COUNTIF(Final_evaluation!$E$152:'Final_evaluation'!$E$167, {"<>correct"}))} -> 4 | F234: {=SUM(COUNTIF(Final_evaluation!$F$152:'Final_evaluation'!$F$167, {"<>correct"}))} -> 8 | G234: {=SUM(COUNTIF(Final_evaluation!$G$152:'Final_evaluation'!$G$167, {"<>correct"}))} -> 8 | H234: {=SUM(COUNTIF(Final_evaluation!$H$152:'Final_evaluation'!$H$167, {"<>correct"}))} -> 4 | I234: {=SUM(COUNTIF(Final_evaluation!$I$152:'Final_evaluation'!$I$167, {"<>correct"}))} -> 2 | J234: {=SUM(COUNTIF(Final_evaluation!$J$152:'Final_evaluation'!$J$167, {"<>correct"}))} -> 2 | K234: {=SUM(COUNTIF(Final_evaluation!$K$152:'Final_evaluation'!$K$167, {"<>correct"}))} -> 3 | L234: {=SUM(COUNTIF(Final_evaluation!$L$152:'Final_evaluation'!$L$167, {"<>correct"}))} -> 4 | M234: {=SUM(COUNTIF(Final_evaluation!$M$152:'Final_evaluation'!$M$167, {"<>correct"}))} -> 4 | N234: {=SUM(COUNTIF(Final_evaluation!$N$152:'Final_evaluation'!$N$167, {"<>correct"}))} -> 3 | O234: {=SUM(COUNTIF(Final_evaluation!$O$152:'Final_evaluation'!$O$167, {"<>correct"}))} -> 4 | P234: {=SUM(COUNTIF(Final_evaluation!$P$152:'Final_evaluation'!$P$167, {"<>correct"}))} -> 3 | Q234: {=SUM(COUNTIF(Final_evaluation!$Q$152:'Final_evaluation'!$Q$167, {"<>correct"}))} -> 3 | R234: {=SUM(COUNTIF(Final_evaluation!$R$152:'Final_evaluation'!$R$167, {"<>correct"}))} -> 4 | S234: {=SUM(COUNTIF(Final_evaluation!$S$152:'Final_evaluation'!$S$167, {"<>correct"}))} -> 3
A235: FN_other | B235: {=SUM(COUNTIF(Final_evaluation!$B$168:'Final_evaluation'!$B$183, {"<>correct"}))} -> 5 | C235: {=SUM(COUNTIF(Final_evaluation!$C$168:'Final_evaluation'!$C$183, {"<>correct"}))} -> 5 | D235: {=SUM(COUNTIF(Final_evaluation!$D$168:'Final_evaluation'!$D$183, {"<>correct"}))} -> 5 | E235: {=SUM(COUNTIF(Final_evaluation!$E$168:'Final_evaluation'!$E$183, {"<>correct"}))} -> 6 | F235: {=SUM(COUNTIF(Final_evaluation!$F$168:'Final_evaluation'!$F$183, {"<>correct"}))} -> 2 | G235: {=SUM(COUNTIF(Final_evaluation!$G$168:'Final_evaluation'!$G$183, {"<>correct"}))} -> 5 | H235: {=SUM(COUNTIF(Final_evaluation!$H$168:'Final_evaluation'!$H$183, {"<>correct"}))} -> 9 | I235: {=SUM(COUNTIF(Final_evaluation!$I$168:'Final_evaluation'!$I$183, {"<>correct"}))} -> 9 | J235: {=SUM(COUNTIF(Final_evaluation!$J$168:'Final_evaluation'!$J$183, {"<>correct"}))} -> 9 | K235: {=SUM(COUNTIF(Final_evaluation!$K$168:'Final_evaluation'!$K$183, {"<>correct"}))} -> 11 | L235: {=SUM(COUNTIF(Final_evaluation!$L$168:'Final_evaluation'!$L$183, {"<>correct"}))} -> 9 | M235: {=SUM(COUNTIF(Final_evaluation!$M$168:'Final_evaluation'!$M$183, {"<>correct"}))} -> 10 | N235: {=SUM(COUNTIF(Final_evaluation!$N$168:'Final_evaluation'!$N$183, {"<>correct"}))} -> 8 | O235: {=SUM(COUNTIF(Final_evaluation!$O$168:'Final_evaluation'!$O$183, {"<>correct"}))} -> 6 | P235: {=SUM(COUNTIF(Final_evaluation!$P$168:'Final_evaluation'!$P$183, {"<>correct"}))} -> 7 | Q235: {=SUM(COUNTIF(Final_evaluation!$Q$168:'Final_evaluation'!$Q$183, {"<>correct"}))} -> 7 | R235: {=SUM(COUNTIF(Final_evaluation!$R$168:'Final_evaluation'!$R$183, {"<>correct"}))} -> 7 | S235: {=SUM(COUNTIF(Final_evaluation!$S$168:'Final_evaluation'!$S$183, {"<>correct"}))} -> 6
A236: FP_NBspecific | B236: {=SUM(COUNTIF(Final_evaluation!$B$184:'Final_evaluation'!$B$203, {"<>correct"}))} -> 6 | C236: {=SUM(COUNTIF(Final_evaluation!$C$184:'Final_evaluation'!$C$203, {"<>correct"}))} -> 3 | D236: {=SUM(COUNTIF(Final_evaluation!$D$184:'Final_evaluation'!$D$203, {"<>correct"}))} -> 4 | E236: {=SUM(COUNTIF(Final_evaluation!$E$184:'Final_evaluation'!$E$203, {"<>correct"}))} -> 4 | F236: {=SUM(COUNTIF(Final_evaluation!$F$184:'Final_evaluation'!$F$203, {"<>correct"}))} -> 6 | G236: {=SUM(COUNTIF(Final_evaluation!$G$184:'Final_evaluation'!$G$203, {"<>correct"}))} -> 4 | H236: {=SUM(COUNTIF(Final_evaluation!$H$184:'Final_evaluation'!$H$203, {"<>correct"}))} -> 1 | I236: {=SUM(COUNTIF(Final_evaluation!$I$184:'Final_evaluation'!$I$203, {"<>correct"}))} -> 0 | J236: {=SUM(COUNTIF(Final_evaluation!$J$184:'Final_evaluation'!$J$203, {"<>correct"}))} -> 2 | K236: {=SUM(COUNTIF(Final_evaluation!$K$184:'Final_evaluation'!$K$203, {"<>correct"}))} -> 3 | L236: {=SUM(COUNTIF(Final_evaluation!$L$184:'Final_evaluation'!$L$203, {"<>correct"}))} -> 1 | M236: {=SUM(COUNTIF(Final_evaluation!$M$184:'Final_evaluation'!$M$203, {"<>correct"}))} -> 3 | N236: {=SUM(COUNTIF(Final_evaluation!$N$184:'Final_evaluation'!$N$203, {"<>correct"}))} -> 1 | O236: {=SUM(COUNTIF(Final_evaluation!$O$184:'Final_evaluation'!$O$203, {"<>correct"}))} -> 1 | P236: {=SUM(COUNTIF(Final_evaluation!$P$184:'Final_evaluation'!$P$203, {"<>correct"}))} -> 2 | Q236: {=SUM(COUNTIF(Final_evaluation!$Q$184:'Final_evaluation'!$Q$203, {"<>correct"}))} -> 1 | R236: {=SUM(COUNTIF(Final_evaluation!$R$184:'Final_evaluation'!$R$203, {"<>correct"}))} -> 0 | S236: {=SUM(COUNTIF(Final_evaluation!$S$184:'Final_evaluation'!$S$203, {"<>correct"}))} -> 2
A237: FN_NBspecific | B237: {=SUM(COUNTIF(Final_evaluation!$B$204:'Final_evaluation'!$B$223, {"<>correct"}))} -> 0 | C237: {=SUM(COUNTIF(Final_evaluation!$C$204:'Final_evaluation'!$C$223, {"<>correct"}))} -> 0 | D237: {=SUM(COUNTIF(Final_evaluation!$D$204:'Final_evaluation'!$D$223, {"<>correct"}))} -> 2 | E237: {=SUM(COUNTIF(Final_evaluation!$E$204:'Final_evaluation'!$E$223, {"<>correct"}))} -> 1 | F237: {=SUM(COUNTIF(Final_evaluation!$F$204:'Final_evaluation'!$F$223, {"<>correct"}))} -> 1 | G237: {=SUM(COUNTIF(Final_evaluation!$G$204:'Final_evaluation'!$G$223, {"<>correct"}))} -> 1 | H237: {=SUM(COUNTIF(Final_evaluation!$H$204:'Final_evaluation'!$H$223, {"<>correct"}))} -> 0 | I237: {=SUM(COUNTIF(Final_evaluation!$I$204:'Final_evaluation'!$I$223, {"<>correct"}))} -> 2 | J237: {=SUM(COUNTIF(Final_evaluation!$J$204:'Final_evaluation'!$J$223, {"<>correct"}))} -> 3 | K237: {=SUM(COUNTIF(Final_evaluation!$K$204:'Final_evaluation'!$K$223, {"<>correct"}))} -> 4 | L237: {=SUM(COUNTIF(Final_evaluation!$L$204:'Final_evaluation'!$L$223, {"<>correct"}))} -> 2 | M237: {=SUM(COUNTIF(Final_evaluation!$M$204:'Final_evaluation'!$M$223, {"<>correct"}))} -> 3 | N237: {=SUM(COUNTIF(Final_evaluation!$N$204:'Final_evaluation'!$N$223, {"<>correct"}))} -> 2 | O237: {=SUM(COUNTIF(Final_evaluation!$O$204:'Final_evaluation'!$O$223, {"<>correct"}))} -> 1 | P237: {=SUM(COUNTIF(Final_evaluation!$P$204:'Final_evaluation'!$P$223, {"<>correct"}))} -> 3 | Q237: {=SUM(COUNTIF(Final_evaluation!$Q$204:'Final_evaluation'!$Q$223, {"<>correct"}))} -> 2 | R237: {=SUM(COUNTIF(Final_evaluation!$R$204:'Final_evaluation'!$R$223, {"<>correct"}))} -> 4 | S237: {=SUM(COUNTIF(Final_evaluation!$S$204:'Final_evaluation'!$S$223, {"<>correct"}))} -> 1
A238: corrects_tensorflow | B238: {=SUM(COUNTIF($B$2:$B$31, {"correct"}))} -> 19 | C238: {=SUM(COUNTIF($C$2:$C$31, {"correct"}))} -> 18 | D238: {=SUM(COUNTIF($D$2:$D$31, {"correct"}))} -> 20 | E238: {=SUM(COUNTIF($E$2:$E$31, {"correct"}))} -> 21 | F238: {=SUM(COUNTIF($F$2:$F$31, {"correct"}))} -> 20 | G238: {=SUM(COUNTIF($G$2:$G$31, {"correct"}))} -> 18 | H238: {=SUM(COUNTIF($H$2:$H$31, {"correct"}))} -> 22 | I238: {=SUM(COUNTIF($I$2:$I$31, {"correct"}))} -> 28 | J238: {=SUM(COUNTIF($J$2:$J$31, {"correct"}))} -> 27 | K238: {=SUM(COUNTIF($K$2:$K$31, {"correct"}))} -> 25 | L238: {=SUM(COUNTIF($L$2:$L$31, {"correct"}))} -> 25 | M238: {=SUM(COUNTIF($M$2:$M$31, {"correct"}))} -> 24 | N238: {=SUM(COUNTIF($N$2:$N$31, {"correct"}))} -> 25 | O238: {=SUM(COUNTIF($O$2:$O$31, {"correct"}))} -> 25 | P238: {=SUM(COUNTIF($P$2:$P$31, {"correct"}))} -> 25 | Q238: {=SUM(COUNTIF($Q$2:$Q$31, {"correct"}))} -> 26 | R238: {=SUM(COUNTIF($R$2:$R$31, {"correct"}))} -> 24 | S238: {=SUM(COUNTIF($S$2:$S$31, {"correct"}))} -> 25
A239: acc_tensorflow | B239: =B238/ COUNTA($B$2:$B$31) -> 0.63333333 | C239: =C238/ COUNTA($C$2:$C$31) -> 0.6 | D239: =D238/ COUNTA($D$2:$D$31) -> 0.66666667 | E239: =E238/ COUNTA($E$2:$E$31) -> 0.7 | F239: =F238/ COUNTA($F$2:$F$31) -> 0.66666667 | G239: =G238/ COUNTA($G$2:$G$31) -> 0.6 | H239: =H238/ COUNTA($H$2:$H$31) -> 0.73333333 | I239: =I238/ COUNTA($I$2:$I$31) -> 0.93333333 | J239: =J238/ COUNTA($J$2:$J$31) -> 0.9 | K239: =K238/ COUNTA($K$2:$K$31) -> 0.83333333 | L239: =L238/ COUNTA($L$2:$L$31) -> 0.83333333 | M239: =M238/ COUNTA($M$2:$M$31) -> 0.8 | N239: =N238/ COUNTA($N$2:$N$31) -> 0.83333333 | O239: =O238/ COUNTA($O$2:$O$31) -> 0.83333333 | P239: =P238/ COUNTA($P$2:$P$31) -> 0.83333333 | Q239: =Q238/ COUNTA($Q$2:$Q$31) -> 0.86666667 | R239: =R238/ COUNTA($R$2:$R$31) -> 0.8 | S239: =S238/ COUNTA($S$2:$S$31) -> 0.83333333
A240: corrects_torch | B240: {=SUM(COUNTIF($B$32:$B$61, {"correct"}))} -> 16 | C240: {=SUM(COUNTIF($C$32:$C$61, {"correct"}))} -> 18 | D240: {=SUM(COUNTIF($D$32:$D$61, {"correct"}))} -> 21 | E240: {=SUM(COUNTIF($E$32:$E$61, {"correct"}))} -> 17 | F240: {=SUM(COUNTIF($F$32:$F$61, {"correct"}))} -> 20 | G240: {=SUM(COUNTIF($G$32:$G$61, {"correct"}))} -> 20 | H240: {=SUM(COUNTIF($H$32:$H$61, {"correct"}))} -> 16 | I240: {=SUM(COUNTIF($I$32:$I$61, {"correct"}))} -> 18 | J240: {=SUM(COUNTIF($J$32:$J$61, {"correct"}))} -> 15 | K240: {=SUM(COUNTIF($K$32:$K$61, {"correct"}))} -> 15 | L240: {=SUM(COUNTIF($L$32:$L$61, {"correct"}))} -> 16 | M240: {=SUM(COUNTIF($M$32:$M$61, {"correct"}))} -> 18 | N240: {=SUM(COUNTIF($N$32:$N$61, {"correct"}))} -> 22 | O240: {=SUM(COUNTIF($O$32:$O$61, {"correct"}))} -> 22 | P240: {=SUM(COUNTIF($P$32:$P$61, {"correct"}))} -> 23 | Q240: {=SUM(COUNTIF($Q$32:$Q$61, {"correct"}))} -> 22 | R240: {=SUM(COUNTIF($R$32:$R$61, {"correct"}))} -> 20 | S240: {=SUM(COUNTIF($S$32:$S$61, {"correct"}))} -> 22
A241: acc_torch | B241: =B240/ COUNTA($B$32:$B$61) -> 0.53333333 | C241: =C240/ COUNTA($C$32:$C$61) -> 0.6 | D241: =D240/ COUNTA($D$32:$D$61) -> 0.7 | E241: =E240/ COUNTA($E$32:$E$61) -> 0.56666667 | F241: =F240/ COUNTA($F$32:$F$61) -> 0.66666667 | G241: =G240/ COUNTA($G$32:$G$61) -> 0.66666667 | H241: =H240/ COUNTA($H$32:$H$61) -> 0.53333333 | I241: =I240/ COUNTA($I$32:$I$61) -> 0.6 | J241: =J240/ COUNTA($J$32:$J$61) -> 0.5 | K241: =K240/ COUNTA($K$32:$K$61) -> 0.5 | L241: =L240/ COUNTA($L$32:$L$61) -> 0.53333333 | M241: =M240/ COUNTA($M$32:$M$61) -> 0.6 | N241: =N240/ COUNTA($N$32:$N$61) -> 0.73333333 | O241: =O240/ COUNTA($O$32:$O$61) -> 0.73333333 | P241: =P240/ COUNTA($P$32:$P$61) -> 0.76666667 | Q241: =Q240/ COUNTA($Q$32:$Q$61) -> 0.73333333 | R241: =R240/ COUNTA($R$32:$R$61) -> 0.66666667 | S241: =S240/ COUNTA($S$32:$S$61) -> 0.73333333
A242: corrects_sklearn | B242: {=SUM(COUNTIF($B$62:$B$91, {"correct"}))} -> 20 | C242: {=SUM(COUNTIF($C$62:$C$91, {"correct"}))} -> 26 | D242: {=SUM(COUNTIF($D$62:$D$91, {"correct"}))} -> 27 | E242: {=SUM(COUNTIF($E$62:$E$91, {"correct"}))} -> 25 | F242: {=SUM(COUNTIF($F$62:$F$91, {"correct"}))} -> 25 | G242: {=SUM(COUNTIF($G$62:$G$91, {"correct"}))} -> 24 | H242: {=SUM(COUNTIF($H$62:$H$91, {"correct"}))} -> 22 | I242: {=SUM(COUNTIF($I$62:$I$91, {"correct"}))} -> 25 | J242: {=SUM(COUNTIF($J$62:$J$91, {"correct"}))} -> 25 | K242: {=SUM(COUNTIF($K$62:$K$91, {"correct"}))} -> 25 | L242: {=SUM(COUNTIF($L$62:$L$91, {"correct"}))} -> 26 | M242: {=SUM(COUNTIF($M$62:$M$91, {"correct"}))} -> 24 | N242: {=SUM(COUNTIF($N$62:$N$91, {"correct"}))} -> 25 | O242: {=SUM(COUNTIF($O$62:$O$91, {"correct"}))} -> 26 | P242: {=SUM(COUNTIF($P$62:$P$91, {"correct"}))} -> 28 | Q242: {=SUM(COUNTIF($Q$62:$Q$91, {"correct"}))} -> 28 | R242: {=SUM(COUNTIF($R$62:$R$91, {"correct"}))} -> 29 | S242: {=SUM(COUNTIF($S$62:$S$91, {"correct"}))} -> 27
A243: acc_sklearn | B243: =B242/ COUNTA($B$62:$B$91) -> 0.66666667 | C243: =C242/ COUNTA($C$62:$C$91) -> 0.86666667 | D243: =D242/ COUNTA($D$62:$D$91) -> 0.9 | E243: =E242/ COUNTA($E$62:$E$91) -> 0.83333333 | F243: =F242/ COUNTA($F$62:$F$91) -> 0.83333333 | G243: =G242/ COUNTA($G$62:$G$91) -> 0.8 | H243: =H242/ COUNTA($H$62:$H$91) -> 0.73333333 | I243: =I242/ COUNTA($I$62:$I$91) -> 0.83333333 | J243: =J242/ COUNTA($J$62:$J$91) -> 0.83333333 | K243: =K242/ COUNTA($K$62:$K$91) -> 0.83333333 | L243: =L242/ COUNTA($L$62:$L$91) -> 0.86666667 | M243: =M242/ COUNTA($M$62:$M$91) -> 0.8 | N243: =N242/ COUNTA($N$62:$N$91) -> 0.83333333 | O243: =O242/ COUNTA($O$62:$O$91) -> 0.86666667 | P243: =P242/ COUNTA($P$62:$P$91) -> 0.93333333 | Q243: =Q242/ COUNTA($Q$62:$Q$91) -> 0.93333333 | R243: =R242/ COUNTA($R$62:$R$91) -> 0.96666667 | S243: =S242/ COUNTA($S$62:$S$91) -> 0.9
A244: corrects_pandas | B244: {=SUM(COUNTIF($B$92:$B$121, {"correct"}))} -> 20 | C244: {=SUM(COUNTIF($C$92:$C$121, {"correct"}))} -> 26 | D244: {=SUM(COUNTIF($D$92:$D$121, {"correct"}))} -> 23 | E244: {=SUM(COUNTIF($E$92:$E$121, {"correct"}))} -> 26 | F244: {=SUM(COUNTIF($F$92:$F$121, {"correct"}))} -> 24 | G244: {=SUM(COUNTIF($G$92:$G$121, {"correct"}))} -> 24 | H244: {=SUM(COUNTIF($H$92:$H$121, {"correct"}))} -> 20 | I244: {=SUM(COUNTIF($I$92:$I$121, {"correct"}))} -> 23 | J244: {=SUM(COUNTIF($J$92:$J$121, {"correct"}))} -> 24 | K244: {=SUM(COUNTIF($K$92:$K$121, {"correct"}))} -> 21 | L244: {=SUM(COUNTIF($L$92:$L$121, {"correct"}))} -> 21 | M244: {=SUM(COUNTIF($M$92:$M$121, {"correct"}))} -> 19 | N244: {=SUM(COUNTIF($N$92:$N$121, {"correct"}))} -> 17 | O244: {=SUM(COUNTIF($O$92:$O$121, {"correct"}))} -> 23 | P244: {=SUM(COUNTIF($P$92:$P$121, {"correct"}))} -> 24 | Q244: {=SUM(COUNTIF($Q$92:$Q$121, {"correct"}))} -> 24 | R244: {=SUM(COUNTIF($R$92:$R$121, {"correct"}))} -> 20 | S244: {=SUM(COUNTIF($S$92:$S$121, {"correct"}))} -> 26
A245: acc_pandas | B245: =B244/ COUNTA( $B$92:$B$121) -> 0.66666667 | C245: =C244/ COUNTA( $C$92:$C$121) -> 0.86666667 | D245: =D244/ COUNTA( $D$92:$D$121) -> 0.76666667 | E245: =E244/ COUNTA( $E$92:$E$121) -> 0.86666667 | F245: =F244/ COUNTA( $F$92:$F$121) -> 0.8 | G245: =G244/ COUNTA( $G$92:$G$121) -> 0.8 | H245: =H244/ COUNTA( $H$92:$H$121) -> 0.66666667 | I245: =I244/ COUNTA( $I$92:$I$121) -> 0.76666667 | J245: =J244/ COUNTA( $J$92:$J$121) -> 0.8 | K245: =K244/ COUNTA( $K$92:$K$121) -> 0.7 | L245: =L244/ COUNTA( $L$92:$L$121) -> 0.7 | M245: =M244/ COUNTA( $M$92:$M$121) -> 0.63333333 | N245: =N244/ COUNTA( $N$92:$N$121) -> 0.56666667 | O245: =O244/ COUNTA( $O$92:$O$121) -> 0.76666667 | P245: =P244/ COUNTA( $P$92:$P$121) -> 0.8 | Q245: =Q244/ COUNTA( $Q$92:$Q$121) -> 0.8 | R245: =R244/ COUNTA( $R$92:$R$121) -> 0.66666667 | S245: =S244/ COUNTA( $S$92:$S$121) -> 0.86666667
A246: corrects_numpy | B246: {=SUM(COUNTIF($B$122:$B$151, {"correct"}))} -> 21 | C246: {=SUM(COUNTIF($C$122:$C$151, {"correct"}))} -> 17 | D246: {=SUM(COUNTIF($D$122:$D$151, {"correct"}))} -> 19 | E246: {=SUM(COUNTIF($E$122:$E$151, {"correct"}))} -> 19 | F246: {=SUM(COUNTIF($F$122:$F$151, {"correct"}))} -> 21 | G246: {=SUM(COUNTIF($G$122:$G$151, {"correct"}))} -> 20 | H246: {=SUM(COUNTIF($H$122:$H$151, {"correct"}))} -> 17 | I246: {=SUM(COUNTIF($I$122:$I$151, {"correct"}))} -> 20 | J246: {=SUM(COUNTIF($J$122:$J$151, {"correct"}))} -> 19 | K246: {=SUM(COUNTIF($K$122:$K$151, {"correct"}))} -> 19 | L246: {=SUM(COUNTIF($L$122:$L$151, {"correct"}))} -> 19 | M246: {=SUM(COUNTIF($M$122:$M$151, {"correct"}))} -> 18 | N246: {=SUM(COUNTIF($N$122:$N$151, {"correct"}))} -> 22 | O246: {=SUM(COUNTIF($O$122:$O$151, {"correct"}))} -> 23 | P246: {=SUM(COUNTIF($P$122:$P$151, {"correct"}))} -> 20 | Q246: {=SUM(COUNTIF($Q$122:$Q$151, {"correct"}))} -> 22 | R246: {=SUM(COUNTIF($R$122:$R$151, {"correct"}))} -> 21 | S246: {=SUM(COUNTIF($S$122:$S$151, {"correct"}))} -> 22
A247: acc_numpy | B247: =B246/ COUNTA( $B$122:$B$151) -> 0.7 | C247: =C246/ COUNTA( $C$122:$C$151) -> 0.56666667 | D247: =D246/ COUNTA( $D$122:$D$151) -> 0.63333333 | E247: =E246/ COUNTA( $E$122:$E$151) -> 0.63333333 | F247: =F246/ COUNTA( $F$122:$F$151) -> 0.7 | G247: =G246/ COUNTA( $G$122:$G$151) -> 0.66666667 | H247: =H246/ COUNTA( $H$122:$H$151) -> 0.56666667 | I247: =I246/ COUNTA( $I$122:$I$151) -> 0.66666667 | J247: =J246/ COUNTA( $J$122:$J$151) -> 0.63333333 | K247: =K246/ COUNTA( $K$122:$K$151) -> 0.63333333 | L247: =L246/ COUNTA( $L$122:$L$151) -> 0.63333333 | M247: =M246/ COUNTA( $M$122:$M$151) -> 0.6 | N247: =N246/ COUNTA( $N$122:$N$151) -> 0.73333333 | O247: =O246/ COUNTA( $O$122:$O$151) -> 0.76666667 | P247: =P246/ COUNTA( $P$122:$P$151) -> 0.66666667 | Q247: =Q246/ COUNTA( $Q$122:$Q$151) -> 0.73333333 | R247: =R246/ COUNTA( $R$122:$R$151) -> 0.7 | S247: =S246/ COUNTA( $S$122:$S$151) -> 0.73333333
A248: corrects_other | B248: {=SUM(COUNTIF($B$152:$B$183, {"correct"}))} -> 20 | C248: {=SUM(COUNTIF($C$152:$C$183, {"correct"}))} -> 21 | D248: {=SUM(COUNTIF($D$152:$D$183, {"correct"}))} -> 17 | E248: {=SUM(COUNTIF($E$152:$E$183, {"correct"}))} -> 22 | F248: {=SUM(COUNTIF($F$152:$F$183, {"correct"}))} -> 22 | G248: {=SUM(COUNTIF($G$152:$G$183, {"correct"}))} -> 19 | H248: {=SUM(COUNTIF($H$152:$H$183, {"correct"}))} -> 19 | I248: {=SUM(COUNTIF($I$152:$I$183, {"correct"}))} -> 21 | J248: {=SUM(COUNTIF($J$152:$J$183, {"correct"}))} -> 21 | K248: {=SUM(COUNTIF($K$152:$K$183, {"correct"}))} -> 18 | L248: {=SUM(COUNTIF($L$152:$L$183, {"correct"}))} -> 19 | M248: {=SUM(COUNTIF($M$152:$M$183, {"correct"}))} -> 18 | N248: {=SUM(COUNTIF($N$152:$N$183, {"correct"}))} -> 21 | O248: {=SUM(COUNTIF($O$152:$O$183, {"correct"}))} -> 22 | P248: {=SUM(COUNTIF($P$152:$P$183, {"correct"}))} -> 22 | Q248: {=SUM(COUNTIF($Q$152:$Q$183, {"correct"}))} -> 22 | R248: {=SUM(COUNTIF($R$152:$R$183, {"correct"}))} -> 21 | S248: {=SUM(COUNTIF($S$152:$S$183, {"correct"}))} -> 23
A249: acc_other | B249: =B248/ COUNTA( $B$152:$B$183) -> 0.625 | C249: =C248/ COUNTA( $C$152:$C$183) -> 0.65625 | D249: =D248/ COUNTA( $D$152:$D$183) -> 0.53125 | E249: =E248/ COUNTA( $E$152:$E$183) -> 0.6875 | F249: =F248/ COUNTA( $F$152:$F$183) -> 0.6875 | G249: =G248/ COUNTA( $G$152:$G$183) -> 0.59375 | H249: =H248/ COUNTA( $H$152:$H$183) -> 0.59375 | I249: =I248/ COUNTA( $I$152:$I$183) -> 0.65625 | J249: =J248/ COUNTA( $J$152:$J$183) -> 0.65625 | K249: =K248/ COUNTA( $K$152:$K$183) -> 0.5625 | L249: =L248/ COUNTA( $L$152:$L$183) -> 0.59375 | M249: =M248/ COUNTA( $M$152:$M$183) -> 0.5625 | N249: =N248/ COUNTA( $N$152:$N$183) -> 0.65625 | O249: =O248/ COUNTA( $O$152:$O$183) -> 0.6875 | P249: =P248/ COUNTA( $P$152:$P$183) -> 0.6875 | Q249: =Q248/ COUNTA( $Q$152:$Q$183) -> 0.6875 | R249: =R248/ COUNTA( $R$152:$R$183) -> 0.65625 | S249: =S248/ COUNTA( $S$152:$S$183) -> 0.71875
A250: corrects_nbspecific | B250: {=SUM(COUNTIF($B$184:$B$223, {"correct"}))} -> 34 | C250: {=SUM(COUNTIF($C$184:$C$223, {"correct"}))} -> 37 | D250: {=SUM(COUNTIF($D$184:$D$223, {"correct"}))} -> 34 | E250: {=SUM(COUNTIF($E$184:$E$223, {"correct"}))} -> 35 | F250: {=SUM(COUNTIF($F$184:$F$223, {"correct"}))} -> 33 | G250: {=SUM(COUNTIF($G$184:$G$223, {"correct"}))} -> 35 | H250: {=SUM(COUNTIF($H$184:$H$223, {"correct"}))} -> 39 | I250: {=SUM(COUNTIF($I$184:$I$223, {"correct"}))} -> 38 | J250: {=SUM(COUNTIF($J$184:$J$223, {"correct"}))} -> 35 | K250: {=SUM(COUNTIF($K$184:$K$223, {"correct"}))} -> 33 | L250: {=SUM(COUNTIF($L$184:$L$223, {"correct"}))} -> 37 | M250: {=SUM(COUNTIF($M$184:$M$223, {"correct"}))} -> 34 | N250: {=SUM(COUNTIF($N$184:$N$223, {"correct"}))} -> 37 | O250: {=SUM(COUNTIF($O$184:$O$223, {"correct"}))} -> 38 | P250: {=SUM(COUNTIF($P$184:$P$223, {"correct"}))} -> 35 | Q250: {=SUM(COUNTIF($Q$184:$Q$223, {"correct"}))} -> 37 | R250: {=SUM(COUNTIF($R$184:$R$223, {"correct"}))} -> 36 | S250: {=SUM(COUNTIF($S$184:$S$223, {"correct"}))} -> 37
A251: acc_nbspecific | B251: =B250/ COUNTA( $B$184:$B$223) -> 0.85 | C251: =C250/ COUNTA( $C$184:$C$223) -> 0.925 | D251: =D250/ COUNTA( $D$184:$D$223) -> 0.85 | E251: =E250/ COUNTA( $E$184:$E$223) -> 0.875 | F251: =F250/ COUNTA( $F$184:$F$223) -> 0.825 | G251: =G250/ COUNTA( $G$184:$G$223) -> 0.875 | H251: =H250/ COUNTA( $H$184:$H$223) -> 0.975 | I251: =I250/ COUNTA( $I$184:$I$223) -> 0.95 | J251: =J250/ COUNTA( $J$184:$J$223) -> 0.875 | K251: =K250/ COUNTA( $K$184:$K$223) -> 0.825 | L251: =L250/ COUNTA( $L$184:$L$223) -> 0.925 | M251: =M250/ COUNTA( $M$184:$M$223) -> 0.85 | N251: =N250/ COUNTA( $N$184:$N$223) -> 0.925 | O251: =O250/ COUNTA( $O$184:$O$223) -> 0.95 | P251: =P250/ COUNTA( $P$184:$P$223) -> 0.875 | Q251: =Q250/ COUNTA( $Q$184:$Q$223) -> 0.925 | R251: =R250/ COUNTA( $R$184:$R$223) -> 0.9 | S251: =S250/ COUNTA( $S$184:$S$223) -> 0.925
A252: corrects_all | B252: =B238+B240+B242+B244+B246+B248+B250 -> 150 | C252: =C238+C240+C242+C244+C246+C248+C250 -> 163 | D252: =D238+D240+D242+D244+D246+D248+D250 -> 161 | E252: =E238+E240+E242+E244+E246+E248+E250 -> 165 | F252: =F238+F240+F242+F244+F246+F248+F250 -> 165 | G252: =G238+G240+G242+G244+G246+G248+G250 -> 160 | H252: =H238+H240+H242+H244+H246+H248+H250 -> 155 | I252: =I238+I240+I242+I244+I246+I248+I250 -> 173 | ... S252: =S238+S240+S242+S244+S246+S248+S250 -> 182
A253: acc_all | B253: =B252/222 -> 0.67567568 | C253: =C252/222 -> 0.73423423 | D253: =D252/222 -> 0.72522523 | E253: =E252/222 -> 0.74324324 | F253: =F252/222 -> 0.74324324 | G253: =G252/222 -> 0.72072072 | H253: =H252/222 -> 0.6981982 | I253: =I252/222 -> 0.77927928 | ... S253: =S252/222 -> 0.81981982
A254: total_wrong_reproduced | B254: =COUNTIFS($B$2:$B$223, "wrong", $A$2:$A$223, "*reproduced*") -> 21 | C254: =COUNTIFS($C$2:$C$223, "wrong", $A$2:$A$223, "*reproduced*") -> 12 | D254: =COUNTIFS($D$2:$D$223, "wrong", $A$2:$A$223, "*reproduced*") -> 16 | E254: =COUNTIFS($E$2:$E$223, "wrong", $A$2:$A$223, "*reproduced*") -> 14 | F254: =COUNTIFS($F$2:$F$223, "wrong", $A$2:$A$223, "*reproduced*") -> 17 | G254: =COUNTIFS($G$2:$G$223, "wrong", $A$2:$A$223, "*reproduced*") -> 14 | H254: =COUNTIFS($H$2:$H$223, "wrong", $A$2:$A$223, "*reproduced*") -> 40 | I254: =COUNTIFS($I$2:$I$223, "wrong", $A$2:$A$223, "*reproduced*") -> 37 | J254: =COUNTIFS($J$2:$J$223, "wrong", $A$2:$A$223, "*reproduced*") -> 42 | K254: =COUNTIFS($K$2:$K$223, "wrong", $A$2:$A$223, "*reproduced*") -> 46 | L254: =COUNTIFS($L$2:$L$223, "wrong", $A$2:$A$223, "*reproduced*") -> 43 | M254: =COUNTIFS($M$2:$M$223, "wrong", $A$2:$A$223, "*reproduced*") -> 39 | N254: =COUNTIFS($N$2:$N$223, "wrong", $A$2:$A$223, "*reproduced*") -> 32 | O254: =COUNTIFS($O$2:$O$223, "wrong", $A$2:$A$223, "*reproduced*") -> 23 | P254: =COUNTIFS($P$2:$P$223, "wrong", $A$2:$A$223, "*reproduced*") -> 25 | Q254: =COUNTIFS($Q$2:$Q$223, "wrong", $A$2:$A$223, "*reproduced*") -> 24 | R254: =COUNTIFS($R$2:$R$223, "wrong", $A$2:$A$223, "*reproduced*") -> 31 | S254: =COUNTIFS($S$2:$S$223, "wrong", $A$2:$A$223, "*reproduced*") -> 20
A255: total_partiallycorrect | B255: {=SUM(COUNTIF($B$2:$B$223, {"partially correct"}))} -> 0 | C255: {=SUM(COUNTIF($C$2:$C$223, {"partially correct"}))} -> 0 | D255: {=SUM(COUNTIF($D$2:$D$223, {"partially correct"}))} -> 0 | E255: {=SUM(COUNTIF($E$2:$E$223, {"partially correct"}))} -> 0 | F255: {=SUM(COUNTIF($F$2:$F$223, {"partially correct"}))} -> 0 | G255: {=SUM(COUNTIF($G$2:$G$223, {"partially correct"}))} -> 0 | H255: {=SUM(COUNTIF($H$2:$H$223, {"partially correct"}))} -> 0 | I255: {=SUM(COUNTIF($I$2:$I$223, {"partially correct"}))} -> 0 | J255: {=SUM(COUNTIF($J$2:$J$223, {"partially correct"}))} -> 0 | K255: {=SUM(COUNTIF($K$2:$K$223, {"partially correct"}))} -> 0 | L255: {=SUM(COUNTIF($L$2:$L$223, {"partially correct"}))} -> 0 | M255: {=SUM(COUNTIF($M$2:$M$223, {"partially correct"}))} -> 0 | N255: {=SUM(COUNTIF($N$2:$N$223, {"partially correct"}))} -> 0 | O255: {=SUM(COUNTIF($O$2:$O$223, {"partially correct"}))} -> 0 | P255: {=SUM(COUNTIF($P$2:$P$223, {"partially correct"}))} -> 0 | Q255: {=SUM(COUNTIF($Q$2:$Q$223, {"partially correct"}))} -> 0 | R255: {=SUM(COUNTIF($R$2:$R$223, {"partially correct"}))} -> 0 | S255: {=SUM(COUNTIF($S$2:$S$223, {"partially correct"}))} -> 0
A256: total_reasoningwrong | B256: {=SUM(COUNTIF($B$2:$B$223, {"reasoning wrong"}))} -> 0 | C256: {=SUM(COUNTIF($C$2:$C$223, {"reasoning wrong"}))} -> 0 | D256: {=SUM(COUNTIF($D$2:$D$223, {"reasoning wrong"}))} -> 0 | E256: {=SUM(COUNTIF($E$2:$E$223, {"reasoning wrong"}))} -> 0 | F256: {=SUM(COUNTIF($F$2:$F$223, {"reasoning wrong"}))} -> 0 | G256: {=SUM(COUNTIF($G$2:$G$223, {"reasoning wrong"}))} -> 0 | H256: {=SUM(COUNTIF($H$2:$H$223, {"reasoning wrong"}))} -> 0 | I256: {=SUM(COUNTIF($I$2:$I$223, {"reasoning wrong"}))} -> 0 | J256: {=SUM(COUNTIF($J$2:$J$223, {"reasoning wrong"}))} -> 0 | K256: {=SUM(COUNTIF($K$2:$K$223, {"reasoning wrong"}))} -> 0 | L256: {=SUM(COUNTIF($L$2:$L$223, {"reasoning wrong"}))} -> 0 | M256: {=SUM(COUNTIF($M$2:$M$223, {"reasoning wrong"}))} -> 0 | N256: {=SUM(COUNTIF($N$2:$N$223, {"reasoning wrong"}))} -> 0 | O256: {=SUM(COUNTIF($O$2:$O$223, {"reasoning wrong"}))} -> 0 | P256: {=SUM(COUNTIF($P$2:$P$223, {"reasoning wrong"}))} -> 0 | Q256: {=SUM(COUNTIF($Q$2:$Q$223, {"reasoning wrong"}))} -> 0 | R256: {=SUM(COUNTIF($R$2:$R$223, {"reasoning wrong"}))} -> 0 | S256: {=SUM(COUNTIF($S$2:$S$223, {"reasoning wrong"}))} -> 0

Sheet Results_summary
A1: Crash detection and diagnosis results | T1: Overall results
T2: LLM | U2: Crash detection
A3: gemini 2.5 flash | B3: Count | C3: FP-RT | D3: FP+RT | E3: FN-RT | F3: FN+RT | G3: FPR-RT | H3: FPR+RT | I3: FNR-RT | J3: FNR+RT | K3: Prec-RT | L3: Prec+RT | M3: Rec-RT | N3: Rec+RT | O3: F1-RT | P3: F1+RT | Q3: Acc-RT | R3: Acc+RT | U3: Prec-RT | V3: Prec+RT | W3: Rec-RT | X3: Rec+RT | Y3: F1-RT | Z3: F1+RT | AA3: Acc-RT | AB3: Acc+RT
A4: tensorflow | B4: 30 | C4: =Final_evaluation!$B$224 -> 9 | D4: =Final_evaluation!$C$224 -> 11 | E4: =Final_evaluation!$B$225 -> 2 | F4: =Final_evaluation!$C$225 -> 1 | G4: =C4/B4 -> 0.3 | H4: =D4/B4 -> 0.36666667 | I4: =E4/B4 -> 0.066666667 | J4: =F4/B4 -> 0.033333333 | K4: =($B$4/2-$E$4)/(($B$4/2-$E$4)+$C$4) -> 0.59090909 | L4: =($B$4/2-$F$4)/(($B$4/2-$F$4)+$D$4) -> 0.56 | M4: =($B$4/2-$E$4)/($B$4/2) -> 0.86666667 | N4: =($B$4/2-$F$4)/($B$4/2) -> 0.93333333 | O4: =$K$4*$M$4*2/($K$4+$M$4) -> 0.7027027 | P4: =$L$4*$N$4*2/($L$4+$N$4) -> 0.7 | Q4: =($B$4-$C$4-$E$4)/$B$4 -> 0.63333333 | R4: =($B$4-$D$4-$F$4)/$B$4 -> 0.6 | T4: LLM - gemini | U4: =($B$11/2-$E$11)/(($B$11/2-$E$11)+$C$11) -> 0.63829787 | V4: =($B$11/2-$F$11)/(($B$11/2-$F$11)+$D$11) -> 0.67808219 | W4: =($B$11/2-$E$11)/($B$11/2) -> 0.81081081 | X4: =($B$11/2-$F$11)/($B$11/2) -> 0.89189189 | Y4: =$K$11*$M$11*2/($K$11+$M$11) -> 0.71428571 | Z4: =$L$11*$N$11*2/($L$11+$N$11) -> 0.77042802 | AA4: =($B$11-$C$11-$E$11)/$B$11 -> 0.67567568 | AB4: =($B$11-$D$11-$F$11)/$B$11 -> 0.73423423
A5: torch | B5: 30 | C5: =Final_evaluation!$B$226 -> 10 | D5: =Final_evaluation!$C$226 -> 10 | E5: =Final_evaluation!$B$227 -> 4 | F5: =Final_evaluation!$C$227 -> 2 | G5: =C5/B5 -> 0.33333333 | H5: =D5/B5 -> 0.33333333 | I5: =E5/B5 -> 0.13333333 | J5: =F5/B5 -> 0.066666667 | K5: =($B$5/2-$E$5)/(($B$5/2-$E$5)+$C$5) -> 0.52380952 | L5: =($B$5/2-$F$5)/(($B$5/2-$F$5)+$D$5) -> 0.56521739 | M5: =($B$5/2-$E$5)/($B$5/2) -> 0.73333333 | N5: =($B$5/2-$F$5)/($B$5/2) -> 0.86666667 | O5: =$K$5*$M$5*2/($K$5+$M$5) -> 0.61111111 | P5: =$L$5*$N$5*2/($L$5+$N$5) -> 0.68421053 | Q5: =($B$5-$C$5-$E$5)/$B$5 -> 0.53333333 | R5: =($B$5-$D$5-$F$5)/$B$5 -> 0.6 | T5: LLM - qwen | U5: =($B$22/2-$E$22)/(($B$22/2-$E$22)+$C$22) -> 0.7244898 | V5: =($B$22/2-$F$22)/(($B$22/2-$F$22)+$D$22) -> 0.86046512 | W5: =($B$22/2-$E$22)/($B$22/2) -> 0.63963964 | X5: =($B$22/2-$F$22)/($B$22/2) -> 0.66666667 | Y5: =$K$22*$M$22*2/($K$22+$M$22) -> 0.67942584 | Z5: =$L$22*$N$22*2/($L$22+$N$22) -> 0.75126904 | AA5: =($B$22-$C$22-$E$22)/$B$22 -> 0.6981982 | AB5: =($B$22-$D$22-$F$22)/$B$22 -> 0.77927928
A6: sklearn | B6: 30 | C6: =Final_evaluation!$B$228 -> 5 | D6: =Final_evaluation!$C$228 -> 4 | E6: =Final_evaluation!$B$229 -> 5 | F6: =Final_evaluation!$C$229 -> 0 | G6: =C6/B6 -> 0.16666667 | H6: =D6/B6 -> 0.13333333 | I6: =E6/B6 -> 0.16666667 | J6: =F6/B6 -> 0 | K6: =($B$6/2-$E$6)/(($B$6/2-$E$6)+$C$6) -> 0.66666667 | L6: =($B$6/2-$F$6)/(($B$6/2-$F$6)+$D$6) -> 0.78947368 | M6: =($B$6/2-$E$6)/($B$6/2) -> 0.66666667 | N6: =($B$6/2-$F$6)/($B$6/2) -> 1 | O6: =$K$6*$M$6*2/($K$6+$M$6) -> 0.66666667 | P6: =$L$6*$N$6*2/($L$6+$N$6) -> 0.88235294 | Q6: =($B$6-$C$6-$E$6)/$B$6 -> 0.66666667 | R6: =($B$6-$D$6-$F$6)/$B$6 -> 0.86666667 | T6: LLM - gpt5 | U6: =($B$33/2-$E$33)/(($B$33/2-$E$33)+$C$33) -> 0.79 | V6: =($B$33/2-$F$33)/(($B$33/2-$F$33)+$D$33) -> 0.81481481 | W6: =($B$33/2-$E$33)/($B$33/2) -> 0.71171171 | X6: =($B$33/2-$F$33)/($B$33/2) -> 0.79279279 | Y6: =$K$33*$M$33*2/($K$33+$M$33) -> 0.74881517 | Z6: =$L$33*$N$33*2/($L$33+$N$33) -> 0.80365297 | AA6: =($B$33-$C$33-$E$33)/$B$33 -> 0.76126126 | AB6: =($B$33-$D$33-$F$33)/$B$33 -> 0.80630631
A7: pandas | B7: 30 | C7: =Final_evaluation!$B$230 -> 7 | D7: =Final_evaluation!$C$230 -> 3 | E7: =Final_evaluation!$B$231 -> 3 | F7: =Final_evaluation!$C$231 -> 1 | G7: =C7/B7 -> 0.23333333 | H7: =D7/B7 -> 0.1 | I7: =E7/B7 -> 0.1 | J7: =F7/B7 -> 0.033333333 | K7: =($B$7/2-$E$7)/(($B$7/2-$E$7)+$C$7) -> 0.63157895 | L7: =($B$7/2-$F$7)/(($B$7/2-$F$7)+$D$7) -> 0.82352941 | M7: =($B$7/2-$E$7)/($B$7/2) -> 0.8 | N7: =($B$7/2-$F$7)/($B$7/2) -> 0.93333333 | O7: =$K$7*$M$7*2/($K$7+$M$7) -> 0.70588235 | P7: =$L$7*$N$7*2/($L$7+$N$7) -> 0.875 | Q7: =($B$7-$C$7-$E$7)/$B$7 -> 0.66666667 | R7: =($B$7-$D$7-$F$7)/$B$7 -> 0.86666667
A8: numpy | B8: 30 | C8: =Final_evaluation!$B$232 -> 7 | D8: =Final_evaluation!$C$232 -> 10 | E8: =Final_evaluation!$B$233 -> 2 | F8: =Final_evaluation!$C$233 -> 3 | G8: =C8/B8 -> 0.23333333 | H8: =D8/B8 -> 0.33333333 | I8: =E8/B8 -> 0.066666667 | J8: =F8/B8 -> 0.1 | K8: =($B$8/2-$E$8)/(($B$8/2-$E$8)+$C$8) -> 0.65 | L8: =($B$8/2-$F$8)/(($B$8/2-$F$8)+$D$8) -> 0.54545455 | M8: =($B$8/2-$E$8)/($B$8/2) -> 0.86666667 | N8: =($B$8/2-$F$8)/($B$8/2) -> 0.8 | O8: =$K$8*$M$8*2/($K$8+$M$8) -> 0.74285714 | P8: =$L$8*$N$8*2/($L$8+$N$8) -> 0.64864865 | Q8: =($B$8-$C$8-$E$8)/$B$8 -> 0.7 | R8: =($B$8-$D$8-$F$8)/$B$8 -> 0.56666667 | T8: Diff | V8: Prec | X8: Rec | Z8: F1 | AB8: Acc
A9: other | B9: 32 | C9: =Final_evaluation!$B$234 -> 7 | D9: =Final_evaluation!$C$234 -> 6 | E9: =Final_evaluation!$B$235 -> 5 | F9: =Final_evaluation!$C$235 -> 5 | G9: =C9/B9 -> 0.21875 | H9: =D9/B9 -> 0.1875 | I9: =E9/B9 -> 0.15625 | J9: =F9/B9 -> 0.15625 | K9: =($B$9/2-$E$9)/(($B$9/2-$E$9)+$C$9) -> 0.61111111 | L9: =($B$9/2-$F$9)/(($B$9/2-$F$9)+$D$9) -> 0.64705882 | M9: =($B$9/2-$E$9)/($B$9/2) -> 0.6875 | N9: =($B$9/2-$F$9)/($B$9/2) -> 0.6875 | O9: =$K$9*$M$9*2/($K$9+$M$9) -> 0.64705882 | P9: =$L$9*$N$9*2/($L$9+$N$9) -> 0.66666667 | Q9: =($B$9-$C$9-$E$9)/$B$9 -> 0.625 | R9: =($B$9-$D$9-$F$9)/$B$9 -> 0.65625 | T9: LLM - gemini | V9: =V4-U4 -> 0.039784319 | X9: =X4-W4 -> 0.081081081 | Z9: =Z4-Y4 -> 0.056142301 | AB9: =AB4-AA4 -> 0.058558559
A10: NBspecific | B10: 40 | C10: =Final_evaluation!$B$236 -> 6 | D10: =Final_evaluation!$C$236 -> 3 | E10: =Final_evaluation!$B$237 -> 0 | F10: =Final_evaluation!$C$237 -> 0 | G10: =C10/B10 -> 0.15 | H10: =D10/B10 -> 0.075 | I10: =E10/B10 -> 0 | J10: =F10/B10 -> 0 | K10: =($B$10/2-$E$10)/(($B$10/2-$E$10)+$C$10) -> 0.76923077 | L10: =($B$10/2-$F$10)/(($B$10/2-$F$10)+$D$10) -> 0.86956522 | M10: =($B$10/2-$E$10)/($B$10/2) -> 1 | N10: =($B$10/2-$F$10)/($B$10/2) -> 1 | O10: =$K$10*$M$10*2/($K$10+$M$10) -> 0.86956522 | P10: =$L$10*$N$10*2/($L$10+$N$10) -> 0.93023256 | Q10: =($B$10-$C$10-$E$10)/$B$10 -> 0.85 | R10: =($B$10-$D$10-$F$10)/$B$10 -> 0.925 | T10: LLM - qwen | V10: =V5-U5 -> 0.13597532 | X10: =X5-W5 -> 0.027027027 | Z10: =Z5-Y5 -> 0.071843198 | AB10: =AB5-AA5 -> 0.081081081
A11: total | B11: =SUM(B4:B10) -> 222 | C11: =SUM(C4:C10) -> 51 | D11: =SUM(D4:D10) -> 47 | E11: =SUM(E4:E10) -> 21 | F11: =SUM(F4:F10) -> 12 | G11: =C11/B11 -> 0.22972973 | H11: =D11/B11 -> 0.21171171 | I11: =E11/B11 -> 0.094594595 | J11: =F11/B11 -> 0.054054054 | K11: =($B$11/2-$E$11)/(($B$11/2-$E$11)+$C$11) -> 0.63829787 | L11: =($B$11/2-$F$11)/(($B$11/2-$F$11)+$D$11) -> 0.67808219 | M11: =($B$11/2-$E$11)/($B$11/2) -> 0.81081081 | N11: =($B$11/2-$F$11)/($B$11/2) -> 0.89189189 | O11: =$K$11*$M$11*2/($K$11+$M$11) -> 0.71428571 | P11: =$L$11*$N$11*2/($L$11+$N$11) -> 0.77042802 | Q11: =($B$11-$C$11-$E$11)/$B$11 -> 0.67567568 | R11: =($B$11-$D$11-$F$11)/$B$11 -> 0.73423423 | T11: LLM - gpt5 | V11: =V6-U6 -> 0.024814815 | X11: =X6-W6 -> 0.081081081 | Z11: =Z6-Y6 -> 0.054837802 | AB11: =AB6-AA6 -> 0.045045045
T13: LLM | U13: Runtime information ablation study
A14: qwen 2.5 32b instruct | B14: Count | C14: FP-RT | D14: FP+RT | E14: FN-RT | F14: FN+RT | G14: FPR-RT | H14: FPR+RT | I14: FNR-RT | J14: FNR+RT | K14: Prec-RT | L14: Prec+RT | M14: Rec-RT | N14: Rec+RT | O14: F1-RT | P14: F1+RT | Q14: Acc-RT | R14: Acc+RT | U14: F1+RT | V14: F1+RT-S | W14: F1+RT-V | X14: F1+RT-R | Y14: Acc+RT | Z14: Acc+RT-S | AA14: Acc+RT-V | AB14: Acc+RT-R
A15: tensorflow | B15: 30 | C15: =Final_evaluation!$H$224 -> 5 | D15: =Final_evaluation!$I$224 -> 0 | E15: =Final_evaluation!$H$225 -> 3 | F15: =Final_evaluation!$I$225 -> 2 | G15: =C15/B15 -> 0.16666667 | H15: =D15/B15 -> 0 | I15: =E15/B15 -> 0.1 | J15: =F15/B15 -> 0.066666667 | K15: =($B$15/2-$E$15)/(($B$15/2-$E$15)+$C$15) -> 0.70588235 | L15: =($B$15/2-$F$15)/(($B$15/2-$F$15)+$D$15) -> 1 | M15: =($B$15/2-$E$15)/($B$15/2) -> 0.8 | N15: =($B$15/2-$F$15)/($B$15/2) -> 0.86666667 | O15: =$K$15*$M$15*2/($K$15+$M$15) -> 0.75 | P15: =$L$15*$N$15*2/($L$15+$N$15) -> 0.92857143 | Q15: =($B$15-$C$15-$E$15)/$B$15 -> 0.73333333 | R15: =($B$15-$D$15-$F$15)/$B$15 -> 0.93333333 | T15: LLM - gemini | U15: =S45 -> 0.77042802 | V15: =T45 -> 0.77290837 | W15: =U45 -> 0.76734694 | X15: =V45 -> 0.7578125 | Y15: =W45 -> 0.73423423 | Z15: =X45 -> 0.74324324 | AA15: =Y45 -> 0.74324324 | AB15: =Z45 -> 0.72072072
A16: torch | B16: 30 | C16: =Final_evaluation!$H$226 -> 5 | D16: =Final_evaluation!$I$226 -> 5 | E16: =Final_evaluation!$H$227 -> 9 | F16: =Final_evaluation!$I$227 -> 7 | G16: =C16/B16 -> 0.16666667 | H16: =D16/B16 -> 0.16666667 | I16: =E16/B16 -> 0.3 | J16: =F16/B16 -> 0.23333333 | K16: =($B$16/2-$E$16)/(($B$16/2-$E$16)+$C$16) -> 0.54545455 | L16: =($B$16/2-$F$16)/(($B$16/2-$F$16)+$D$16) -> 0.61538462 | M16: =($B$16/2-$E$16)/($B$16/2) -> 0.4 | N16: =($B$16/2-$F$16)/($B$16/2) -> 0.53333333 | O16: =$K$16*$M$16*2/($K$16+$M$16) -> 0.46153846 | P16: =$L$16*$N$16*2/($L$16+$N$16) -> 0.57142857 | Q16: =($B$16-$C$16-$E$16)/$B$16 -> 0.53333333 | R16: =($B$16-$D$16-$F$16)/$B$16 -> 0.6 | T16: LLM - qwen | U16: =S56 -> 0.75126904 | V16: =T56 -> 0.66326531 | W16: =U56 -> 0.6974359 | X16: =V56 -> 0.68246445 | Y16: =W56 -> 0.77927928 | Z16: =X56 -> 0.7027027 | AA16: =Y56 -> 0.73423423 | AB16: =Z56 -> 0.6981982
A17: sklearn | B17: 30 | C17: =Final_evaluation!$H$228 -> 2 | D17: =Final_evaluation!$I$228 -> 1 | E17: =Final_evaluation!$H$229 -> 6 | F17: =Final_evaluation!$I$229 -> 4 | G17: =C17/B17 -> 0.066666667 | H17: =D17/B17 -> 0.033333333 | I17: =E17/B17 -> 0.2 | J17: =F17/B17 -> 0.13333333 | K17: =($B$17/2-$E$17)/(($B$17/2-$E$17)+$C$17) -> 0.81818182 | L17: =($B$17/2-$F$17)/(($B$17/2-$F$17)+$D$17) -> 0.91666667 | M17: =($B$17/2-$E$17)/($B$17/2) -> 0.6 | N17: =($B$17/2-$F$17)/($B$17/2) -> 0.73333333 | O17: =$K$17*$M$17*2/($K$17+$M$17) -> 0.69230769 | P17: =$L$17*$N$17*2/($L$17+$N$17) -> 0.81481481 | Q17: =($B$17-$C$17-$E$17)/$B$17 -> 0.73333333 | R17: =($B$17-$D$17-$F$17)/$B$17 -> 0.83333333 | T17: LLM - gpt5 | U17: =S67 -> 0.80365297 | V17: =T67 -> 0.80930233 | W17: =U67 -> 0.75829384 | X17: =V67 -> 0.81981982 | Y17: =W67 -> 0.80630631 | Z17: =X67 -> 0.81531532 | AA17: =Y67 -> 0.77027027 | AB17: =Z67 -> 0.81981982
A18: pandas | B18: 30 | C18: =Final_evaluation!$H$230 -> 5 | D18: =Final_evaluation!$I$230 -> 2 | E18: =Final_evaluation!$H$231 -> 5 | F18: =Final_evaluation!$I$231 -> 5 | G18: =C18/B18 -> 0.16666667 | H18: =D18/B18 -> 0.066666667 | I18: =E18/B18 -> 0.16666667 | J18: =F18/B18 -> 0.16666667 | K18: =($B$18/2-$E$18)/(($B$18/2-$E$18)+$C$18) -> 0.66666667 | L18: =($B$18/2-$F$18)/(($B$18/2-$F$18)+$D$18) -> 0.83333333 | M18: =($B$18/2-$E$18)/($B$18/2) -> 0.66666667 | N18: =($B$18/2-$F$18)/($B$18/2) -> 0.66666667 | O18: =$K$18*$M$18*2/($K$18+$M$18) -> 0.66666667 | P18: =$L$18*$N$18*2/($L$18+$N$18) -> 0.74074074 | Q18: =($B$18-$C$18-$E$18)/$B$18 -> 0.66666667 | R18: =($B$18-$D$18-$F$18)/$B$18 -> 0.76666667
A19: numpy | B19: 30 | C19: =Final_evaluation!$H$232 -> 5 | D19: =Final_evaluation!$I$232 -> 2 | E19: =Final_evaluation!$H$233 -> 8 | F19: =Final_evaluation!$I$233 -> 8 | G19: =C19/B19 -> 0.16666667 | H19: =D19/B19 -> 0.066666667 | I19: =E19/B19 -> 0.26666667 | J19: =F19/B19 -> 0.26666667 | K19: =($B$19/2-$E$19)/(($B$19/2-$E$19)+$C$19) -> 0.58333333 | L19: =($B$19/2-$F$19)/(($B$19/2-$F$19)+$D$19) -> 0.77777778 | M19: =($B$19/2-$E$19)/($B$19/2) -> 0.46666667 | N19: =($B$19/2-$F$19)/($B$19/2) -> 0.46666667 | O19: =$K$19*$M$19*2/($K$19+$M$19) -> 0.51851852 | P19: =$L$19*$N$19*2/($L$19+$N$19) -> 0.58333333 | Q19: =($B$19-$C$19-$E$19)/$B$19 -> 0.56666667 | R19: =($B$19-$D$19-$F$19)/$B$19 -> 0.66666667 | T19: Diff | V19: F1+RT-S | W19: F1+RT-V | X19: F1+RT-R | Y19: Acc+RT | Z19: Acc+RT-S | AA19: Acc+RT-V | AB19: Acc+RT-R
A20: other | B20: 32 | C20: =Final_evaluation!$H$234 -> 4 | D20: =Final_evaluation!$I$234 -> 2 | E20: =Final_evaluation!$H$235 -> 9 | F20: =Final_evaluation!$I$235 -> 9 | G20: =C20/B20 -> 0.125 | H20: =D20/B20 -> 0.0625 | I20: =E20/B20 -> 0.28125 | J20: =F20/B20 -> 0.28125 | K20: =($B$20/2-$E$20)/(($B$20/2-$E$20)+$C$20) -> 0.63636364 | L20: =($B$20/2-$F$20)/(($B$20/2-$F$20)+$D$20) -> 0.77777778 | M20: =($B$20/2-$E$20)/($B$20/2) -> 0.4375 | N20: =($B$20/2-$F$20)/($B$20/2) -> 0.4375 | O20: =$K$20*$M$20*2/($K$20+$M$20) -> 0.51851852 | P20: =$L$20*$N$20*2/($L$20+$N$20) -> 0.56 | Q20: =($B$20-$C$20-$E$20)/$B$20 -> 0.59375 | R20: =($B$20-$D$20-$F$20)/$B$20 -> 0.65625 | T20: LLM - gemini | V20: =V15-U15 -> 0.002480351 | W20: =W15-U15 -> -0.0030810768 | X20: =X15-U15 -> -0.012615516 | Z20: =Z15-Y15 -> 0.009009009 | AA20: =AA15-Y15 -> 0.009009009 | AB20: =AB15-Y15 -> -0.013513514
A21: NBspecific | B21: 40 | C21: =Final_evaluation!$H$236 -> 1 | D21: =Final_evaluation!$I$236 -> 0 | E21: =Final_evaluation!$H$237 -> 0 | F21: =Final_evaluation!$I$237 -> 2 | G21: =C21/B21 -> 0.025 | H21: =D21/B21 -> 0 | I21: =E21/B21 -> 0 | J21: =F21/B21 -> 0.05 | K21: =($B$21/2-$E$21)/(($B$21/2-$E$21)+$C$21) -> 0.95238095 | L21: =($B$21/2-$F$21)/(($B$21/2-$F$21)+$D$21) -> 1 | M21: =($B$21/2-$E$21)/($B$21/2) -> 1 | N21: =($B$21/2-$F$21)/($B$21/2) -> 0.9 | O21: =$K$21*$M$21*2/($K$21+$M$21) -> 0.97560976 | P21: =$L$21*$N$21*2/($L$21+$N$21) -> 0.94736842 | Q21: =($B$21-$C$21-$E$21)/$B$21 -> 0.975 | R21: =($B$21-$D$21-$F$21)/$B$21 -> 0.95 | T21: LLM - qwen | V21: =V16-U16 -> -0.088003729 | W21: =W16-U16 -> -0.053833138 | X21: =X16-U16 -> -0.068804581 | Z21: =Z16-Y16 -> -0.076576577 | AA21: =AA16-Y16 -> -0.045045045 | AB21: =AB16-Y16 -> -0.081081081
A22: total | B22: =SUM(B15:B21) -> 222 | C22: =SUM(C15:C21) -> 27 | D22: =SUM(D15:D21) -> 12 | E22: =SUM(E15:E21) -> 40 | F22: =SUM(F15:F21) -> 37 | G22: =C22/B22 -> 0.12162162 | H22: =D22/B22 -> 0.054054054 | I22: =E22/B22 -> 0.18018018 | J22: =F22/B22 -> 0.16666667 | K22: =($B$22/2-$E$22)/(($B$22/2-$E$22)+$C$22) -> 0.7244898 | L22: =($B$22/2-$F$22)/(($B$22/2-$F$22)+$D$22) -> 0.86046512 | M22: =($B$22/2-$E$22)/($B$22/2) -> 0.63963964 | N22: =($B$22/2-$F$22)/($B$22/2) -> 0.66666667 | O22: =$K$22*$M$22*2/($K$22+$M$22) -> 0.67942584 | P22: =$L$22*$N$22*2/($L$22+$N$22) -> 0.75126904 | Q22: =($B$22-$C$22-$E$22)/$B$22 -> 0.6981982 | R22: =($B$22-$D$22-$F$22)/$B$22 -> 0.77927928 | T22: LLM - gpt5 | V22: =V17-U17 -> 0.0056493575 | W22: =W17-U17 -> -0.045359129 | X22: =X17-U17 -> 0.016166852 | Z22: =Z17-Y17 -> 0.009009009 | AA22: =AA17-Y17 -> -0.036036036 | AB22: =AB17-Y17 -> 0.013513514
T24: LLM | U24: Runtime information with documentation | Z24: Additional input tokens introduced by API documentation
A25: gpt 5 | B25: Count | C25: FP-RT | D25: FP+RT | E25: FN-RT | F25: FN+RT | G25: FPR-RT | H25: FPR+RT | I25: FNR-RT | J25: FNR+RT | K25: Prec-RT | L25: Prec+RT | M25: Rec-RT | N25: Rec+RT | O25: F1-RT | P25: F1+RT | Q25: Acc-RT | R25: Acc+RT | U25: F1+RT | V25: F1+RT+doc | W25: Acc+RT | X25: Acc+RT+doc | Z25: Statistics | AA25: Mean | AB25: Median | AC25: 75th | AD25: 90th
A26: tensorflow | B26: 30 | C26: =Final_evaluation!$N$224 -> 3 | D26: =Final_evaluation!$O$224 -> 2 | E26: =Final_evaluation!$N$225 -> 2 | F26: =Final_evaluation!$O$225 -> 3 | G26: =C26/B26 -> 0.1 | H26: =D26/B26 -> 0.066666667 | I26: =E26/B26 -> 0.066666667 | J26: =F26/B26 -> 0.1 | K26: =($B$26/2-$E$26)/(($B$26/2-$E$26)+$C$26) -> 0.8125 | L26: =($B$26/2-$F$26)/(($B$26/2-$F$26)+$D$26) -> 0.85714286 | M26: =($B$26/2-$E$26)/($B$26/2) -> 0.86666667 | N26: =($B$26/2-$F$26)/($B$26/2) -> 0.8 | O26: =$K$26*$M$26*2/($K$26+$M$26) -> 0.83870968 | P26: =$L$26*$N$26*2/($L$26+$N$26) -> 0.82758621 | Q26: =($B$26-$C$26-$E$26)/$B$26 -> 0.83333333 | R26: =($B$26-$D$26-$F$26)/$B$26 -> 0.83333333 | T26: LLM - gemini | U26: =K79 -> 0.77042802 | V26: =L79 -> 0.75697211 | W26: =M79 -> 0.73423423 | X26: =N79 -> 0.72522523 | Z26: Tokens | AA26: 855 | AB26: 569 | AC26: 1198 | AD26: 2386
A27: torch | B27: 30 | C27: =Final_evaluation!$N$226 -> 3 | D27: =Final_evaluation!$O$226 -> 5 | E27: =Final_evaluation!$N$227 -> 5 | F27: =Final_evaluation!$O$227 -> 3 | G27: =C27/B27 -> 0.1 | H27: =D27/B27 -> 0.16666667 | I27: =E27/B27 -> 0.16666667 | J27: =F27/B27 -> 0.1 | K27: =($B$27/2-$E$27)/(($B$27/2-$E$27)+$C$27) -> 0.76923077 | L27: =($B$27/2-$F$27)/(($B$27/2-$F$27)+$D$27) -> 0.70588235 | M27: =($B$27/2-$E$27)/($B$27/2) -> 0.66666667 | N27: =($B$27/2-$F$27)/($B$27/2) -> 0.8 | O27: =$K$27*$M$27*2/($K$27+$M$27) -> 0.71428571 | P27: =$L$27*$N$27*2/($L$27+$N$27) -> 0.75 | Q27: =($B$27-$C$27-$E$27)/$B$27 -> 0.73333333 | R27: =($B$27-$D$27-$F$27)/$B$27 -> 0.73333333 | T27: LLM - qwen | U27: =K90 -> 0.75126904 | V27: =L90 -> 0.71134021 | W27: =M90 -> 0.77927928 | X27: =N90 -> 0.74774775 | Z27: Increase over baseline | AA27: 0.736 | AB27: 0.359 | AC27: 0.938 | AD27: 1.981
A28: sklearn | B28: 30 | C28: =Final_evaluation!$N$228 -> 2 | D28: =Final_evaluation!$O$228 -> 3 | E28: =Final_evaluation!$N$229 -> 3 | F28: =Final_evaluation!$O$229 -> 1 | G28: =C28/B28 -> 0.066666667 | H28: =D28/B28 -> 0.1 | I28: =E28/B28 -> 0.1 | J28: =F28/B28 -> 0.033333333 | K28: =($B$28/2-$E$28)/(($B$28/2-$E$28)+$C$28) -> 0.85714286 | L28: =($B$28/2-$F$28)/(($B$28/2-$F$28)+$D$28) -> 0.82352941 | M28: =($B$28/2-$E$28)/($B$28/2) -> 0.8 | N28: =($B$28/2-$F$28)/($B$28/2) -> 0.93333333 | O28: =$K$28*$M$28*2/($K$28+$M$28) -> 0.82758621 | P28: =$L$28*$N$28*2/($L$28+$N$28) -> 0.875 | Q28: =($B$28-$C$28-$E$28)/$B$28 -> 0.83333333 | R28: =($B$28-$D$28-$F$28)/$B$28 -> 0.86666667 | T28: LLM - gpt5 | U28: =K101 -> 0.80365297 | V28: =L101 -> 0.79262673 | W28: =M101 -> 0.80630631 | X28: =N101 -> 0.7972973
A29: pandas | B29: 30 | C29: =Final_evaluation!$N$230 -> 5 | D29: =Final_evaluation!$O$230 -> 2 | E29: =Final_evaluation!$N$231 -> 8 | F29: =Final_evaluation!$O$231 -> 5 | G29: =C29/B29 -> 0.16666667 | H29: =D29/B29 -> 0.066666667 | I29: =E29/B29 -> 0.26666667 | J29: =F29/B29 -> 0.16666667 | K29: =($B$29/2-$E$29)/(($B$29/2-$E$29)+$C$29) -> 0.58333333 | L29: =($B$29/2-$F$29)/(($B$29/2-$F$29)+$D$29) -> 0.83333333 | M29: =($B$29/2-$E$29)/($B$29/2) -> 0.46666667 | N29: =($B$29/2-$F$29)/($B$29/2) -> 0.66666667 | O29: =$K$29*$M$29*2/($K$29+$M$29) -> 0.51851852 | P29: =$L$29*$N$29*2/($L$29+$N$29) -> 0.74074074 | Q29: =($B$29-$C$29-$E$29)/$B$29 -> 0.56666667 | R29: =($B$29-$D$29-$F$29)/$B$29 -> 0.76666667
A30: numpy | B30: 30 | C30: =Final_evaluation!$N$232 -> 4 | D30: =Final_evaluation!$O$232 -> 3 | E30: =Final_evaluation!$N$233 -> 4 | F30: =Final_evaluation!$O$233 -> 4 | G30: =C30/B30 -> 0.13333333 | H30: =D30/B30 -> 0.1 | I30: =E30/B30 -> 0.13333333 | J30: =F30/B30 -> 0.13333333 | K30: =($B$30/2-$E$30)/(($B$30/2-$E$30)+$C$30) -> 0.73333333 | L30: =($B$30/2-$F$30)/(($B$30/2-$F$30)+$D$30) -> 0.78571429 | M30: =($B$30/2-$E$30)/($B$30/2) -> 0.73333333 | N30: =($B$30/2-$F$30)/($B$30/2) -> 0.73333333 | O30: =$K$30*$M$30*2/($K$30+$M$30) -> 0.73333333 | P30: =$L$30*$N$30*2/($L$30+$N$30) -> 0.75862069 | Q30: =($B$30-$C$30-$E$30)/$B$30 -> 0.73333333 | R30: =($B$30-$D$30-$F$30)/$B$30 -> 0.76666667
A31: other | B31: 32 | C31: =Final_evaluation!$N$234 -> 3 | D31: =Final_evaluation!$O$234 -> 4 | E31: =Final_evaluation!$N$235 -> 8 | F31: =Final_evaluation!$O$235 -> 6 | G31: =C31/B31 -> 0.09375 | H31: =D31/B31 -> 0.125 | I31: =E31/B31 -> 0.25 | J31: =F31/B31 -> 0.1875 | K31: =($B$31/2-$E$31)/(($B$31/2-$E$31)+$C$31) -> 0.72727273 | L31: =($B$31/2-$F$31)/(($B$31/2-$F$31)+$D$31) -> 0.71428571 | M31: =($B$31/2-$E$31)/($B$31/2) -> 0.5 | N31: =($B$31/2-$F$31)/($B$31/2) -> 0.625 | O31: =$K$31*$M$31*2/($K$31+$M$31) -> 0.59259259 | P31: =$L$31*$N$31*2/($L$31+$N$31) -> 0.66666667 | Q31: =($B$31-$C$31-$E$31)/$B$31 -> 0.65625 | R31: =($B$31-$D$31-$F$31)/$B$31 -> 0.6875
A32: NBspecific | B32: 40 | C32: =Final_evaluation!$N$236 -> 1 | D32: =Final_evaluation!$O$236 -> 1 | E32: =Final_evaluation!$N$237 -> 2 | F32: =Final_evaluation!$O$237 -> 1 | G32: =C32/B32 -> 0.025 | H32: =D32/B32 -> 0.025 | I32: =E32/B32 -> 0.05 | J32: =F32/B32 -> 0.025 | K32: =($B$32/2-$E$32)/(($B$32/2-$E$32)+$C$32) -> 0.94736842 | L32: =($B$32/2-$F$32)/(($B$32/2-$F$32)+$D$32) -> 0.95 | M32: =($B$32/2-$E$32)/($B$32/2) -> 0.9 | N32: =($B$32/2-$F$32)/($B$32/2) -> 0.95 | O32: =$K$32*$M$32*2/($K$32+$M$32) -> 0.92307692 | P32: =$L$32*$N$32*2/($L$32+$N$32) -> 0.95 | Q32: =($B$32-$C$32-$E$32)/$B$32 -> 0.925 | R32: =($B$32-$D$32-$F$32)/$B$32 -> 0.95
A33: total | B33: =SUM(B26:B32) -> 222 | C33: =SUM(C26:C32) -> 21 | D33: =SUM(D26:D32) -> 20 | E33: =SUM(E26:E32) -> 32 | F33: =SUM(F26:F32) -> 23 | G33: =C33/B33 -> 0.094594595 | H33: =D33/B33 -> 0.09009009 | I33: =E33/B33 -> 0.14414414 | J33: =F33/B33 -> 0.1036036 | K33: =($B$33/2-$E$33)/(($B$33/2-$E$33)+$C$33) -> 0.79 | L33: =($B$33/2-$F$33)/(($B$33/2-$F$33)+$D$33) -> 0.81481481 | M33: =($B$33/2-$E$33)/($B$33/2) -> 0.71171171 | N33: =($B$33/2-$F$33)/($B$33/2) -> 0.79279279 | O33: =$K$33*$M$33*2/($K$33+$M$33) -> 0.74881517 | P33: =$L$33*$N$33*2/($L$33+$N$33) -> 0.80365297 | Q33: =($B$33-$C$33-$E$33)/$B$33 -> 0.76126126 | R33: =($B$33-$D$33-$F$33)/$B$33 -> 0.80630631
A35: Ablation study results
A37: gemini 2.5 flash | B37: Count | C37: FP+RT | D37: FP+RT-S | E37: FP+RT-V | F37: FP+RT-R | G37: FN+RT | H37: FN+RT-S | I37: FN+RT-V | J37: FN+RT-R | K37: Prec+RT | L37: Prec+RT-S | M37: Prec+RT-V | N37: Prec+RT-R | O37: Rec+RT | P37: Rec+RT-S | Q37: Rec+RT-V | R37: Rec+RT-R | S37: F1+RT | T37: F1+RT-S | U37: F1+RT-V | V37: F1+RT-R | W37: Acc+RT | X37: Acc+RT-S | Y37: Acc+RT-V | Z37: Acc+RT-R
A38: tensorflow | B38: 30 | C38: =Final_evaluation!$C$224 -> 11 | D38: =Final_evaluation!$E$224 -> 8 | E38: =Final_evaluation!$F$224 -> 8 | F38: =Final_evaluation!$G$224 -> 11 | G38: =Final_evaluation!$C$225 -> 1 | H38: =Final_evaluation!$E$225 -> 1 | I38: =Final_evaluation!$F$225 -> 2 | J38: =Final_evaluation!$G$225 -> 1 | K38: =($B38/2-$G38)/(($B38/2-$G38)+$C38) -> 0.56 | L38: =($B38/2-$H38)/(($B38/2-$H38)+$D38) -> 0.63636364 | M38: =($B38/2-$I38)/(($B38/2-$I38)+$E38) -> 0.61904762 | N38: =($B38/2-$J38)/(($B38/2-$J38)+$F38) -> 0.56 | O38: =($B38/2-$G38)/($B38/2) -> 0.93333333 | P38: =($B38/2-$H38)/($B38/2) -> 0.93333333 | Q38: =($B38/2-$I38)/($B38/2) -> 0.86666667 | R38: =($B38/2-$J38)/($B38/2) -> 0.93333333 | S38: =$K38*$O38*2/($K38+$O38) -> 0.7 | T38: =$L38*$P38*2/($L38+$P38) -> 0.75675676 | U38: =$M38*$Q38*2/($M38+$Q38) -> 0.72222222 | V38: =$N38*$R38*2/($N38+$R38) -> 0.7 | W38: =($B38-$C38-$G38)/$B38 -> 0.6 | X38: =($B38-$D38-$H38)/$B38 -> 0.7 | Y38: =($B38-$E38-$I38)/$B38 -> 0.66666667 | Z38: =($B38-$F38-$J38)/$B38 -> 0.6
A39: torch | B39: 30 | C39: =Final_evaluation!$C$226 -> 10 | D39: =Final_evaluation!$E$226 -> 9 | E39: =Final_evaluation!$F$226 -> 5 | F39: =Final_evaluation!$G$226 -> 8 | G39: =Final_evaluation!$C$227 -> 2 | H39: =Final_evaluation!$E$227 -> 4 | I39: =Final_evaluation!$F$227 -> 5 | J39: =Final_evaluation!$G$227 -> 2 | K39: =($B39/2-$G39)/(($B39/2-$G39)+$C39) -> 0.56521739 | L39: =($B39/2-$H39)/(($B39/2-$H39)+$D39) -> 0.55 | M39: =($B39/2-$I39)/(($B39/2-$I39)+$E39) -> 0.66666667 | N39: =($B39/2-$J39)/(($B39/2-$J39)+$F39) -> 0.61904762 | O39: =($B39/2-$G39)/($B39/2) -> 0.86666667 | P39: =($B39/2-$H39)/($B39/2) -> 0.73333333 | Q39: =($B39/2-$I39)/($B39/2) -> 0.66666667 | R39: =($B39/2-$J39)/($B39/2) -> 0.86666667 | S39: =$K39*$O39*2/($K39+$O39) -> 0.68421053 | T39: =$L39*$P39*2/($L39+$P39) -> 0.62857143 | U39: =$M39*$Q39*2/($M39+$Q39) -> 0.66666667 | V39: =$N39*$R39*2/($N39+$R39) -> 0.72222222 | W39: =($B39-$C39-$G39)/$B39 -> 0.6 | X39: =($B39-$D39-$H39)/$B39 -> 0.56666667 | Y39: =($B39-$E39-$I39)/$B39 -> 0.66666667 | Z39: =($B39-$F39-$J39)/$B39 -> 0.66666667
A40: sklearn | B40: 30 | C40: =Final_evaluation!$C$228 -> 4 | D40: =Final_evaluation!$E$228 -> 5 | E40: =Final_evaluation!$F$228 -> 3 | F40: =Final_evaluation!$G$228 -> 4 | G40: =Final_evaluation!$C$229 -> 0 | H40: =Final_evaluation!$E$229 -> 0 | I40: =Final_evaluation!$F$229 -> 2 | J40: =Final_evaluation!$G$229 -> 2 | K40: =($B40/2-$G40)/(($B40/2-$G40)+$C40) -> 0.78947368 | L40: =($B40/2-$H40)/(($B40/2-$H40)+$D40) -> 0.75 | M40: =($B40/2-$I40)/(($B40/2-$I40)+$E40) -> 0.8125 | N40: =($B40/2-$J40)/(($B40/2-$J40)+$F40) -> 0.76470588 | O40: =($B40/2-$G40)/($B40/2) -> 1 | P40: =($B40/2-$H40)/($B40/2) -> 1 | Q40: =($B40/2-$I40)/($B40/2) -> 0.86666667 | R40: =($B40/2-$J40)/($B40/2) -> 0.86666667 | S40: =$K40*$O40*2/($K40+$O40) -> 0.88235294 | T40: =$L40*$P40*2/($L40+$P40) -> 0.85714286 | U40: =$M40*$Q40*2/($M40+$Q40) -> 0.83870968 | V40: =$N40*$R40*2/($N40+$R40) -> 0.8125 | W40: =($B40-$C40-$G40)/$B40 -> 0.86666667 | X40: =($B40-$D40-$H40)/$B40 -> 0.83333333 | Y40: =($B40-$E40-$I40)/$B40 -> 0.83333333 | Z40: =($B40-$F40-$J40)/$B40 -> 0.8
A41: pandas | B41: 30 | C41: =Final_evaluation!$C$230 -> 3 | D41: =Final_evaluation!$E$230 -> 3 | E41: =Final_evaluation!$F$230 -> 2 | F41: =Final_evaluation!$G$230 -> 4 | G41: =Final_evaluation!$C$231 -> 1 | H41: =Final_evaluation!$E$231 -> 1 | I41: =Final_evaluation!$F$231 -> 4 | J41: =Final_evaluation!$G$231 -> 2 | K41: =($B41/2-$G41)/(($B41/2-$G41)+$C41) -> 0.82352941 | L41: =($B41/2-$H41)/(($B41/2-$H41)+$D41) -> 0.82352941 | M41: =($B41/2-$I41)/(($B41/2-$I41)+$E41) -> 0.84615385 | N41: =($B41/2-$J41)/(($B41/2-$J41)+$F41) -> 0.76470588 | O41: =($B41/2-$G41)/($B41/2) -> 0.93333333 | P41: =($B41/2-$H41)/($B41/2) -> 0.93333333 | Q41: =($B41/2-$I41)/($B41/2) -> 0.73333333 | R41: =($B41/2-$J41)/($B41/2) -> 0.86666667 | S41: =$K41*$O41*2/($K41+$O41) -> 0.875 | T41: =$L41*$P41*2/($L41+$P41) -> 0.875 | U41: =$M41*$Q41*2/($M41+$Q41) -> 0.78571429 | V41: =$N41*$R41*2/($N41+$R41) -> 0.8125 | W41: =($B41-$C41-$G41)/$B41 -> 0.86666667 | X41: =($B41-$D41-$H41)/$B41 -> 0.86666667 | Y41: =($B41-$E41-$I41)/$B41 -> 0.8 | Z41: =($B41-$F41-$J41)/$B41 -> 0.8
A42: numpy | B42: 30 | C42: =Final_evaluation!$C$232 -> 10 | D42: =Final_evaluation!$E$232 -> 10 | E42: =Final_evaluation!$F$232 -> 8 | F42: =Final_evaluation!$G$232 -> 9 | G42: =Final_evaluation!$C$233 -> 3 | H42: =Final_evaluation!$E$233 -> 1 | I42: =Final_evaluation!$F$233 -> 1 | J42: =Final_evaluation!$G$233 -> 1 | K42: =($B42/2-$G42)/(($B42/2-$G42)+$C42) -> 0.54545455 | L42: =($B42/2-$H42)/(($B42/2-$H42)+$D42) -> 0.58333333 | M42: =($B42/2-$I42)/(($B42/2-$I42)+$E42) -> 0.63636364 | N42: =($B42/2-$J42)/(($B42/2-$J42)+$F42) -> 0.60869565 | O42: =($B42/2-$G42)/($B42/2) -> 0.8 | P42: =($B42/2-$H42)/($B42/2) -> 0.93333333 | Q42: =($B42/2-$I42)/($B42/2) -> 0.93333333 | R42: =($B42/2-$J42)/($B42/2) -> 0.93333333 | S42: =$K42*$O42*2/($K42+$O42) -> 0.64864865 | T42: =$L42*$P42*2/($L42+$P42) -> 0.71794872 | U42: =$M42*$Q42*2/($M42+$Q42) -> 0.75675676 | V42: =$N42*$R42*2/($N42+$R42) -> 0.73684211 | W42: =($B42-$C42-$G42)/$B42 -> 0.56666667 | X42: =($B42-$D42-$H42)/$B42 -> 0.63333333 | Y42: =($B42-$E42-$I42)/$B42 -> 0.7 | Z42: =($B42-$F42-$J42)/$B42 -> 0.66666667
A43: other | B43: 32 | C43: =Final_evaluation!$C$234 -> 6 | D43: =Final_evaluation!$E$234 -> 4 | E43: =Final_evaluation!$F$234 -> 8 | F43: =Final_evaluation!$G$234 -> 8 | G43: =Final_evaluation!$C$235 -> 5 | H43: =Final_evaluation!$E$235 -> 6 | I43: =Final_evaluation!$F$235 -> 2 | J43: =Final_evaluation!$G$235 -> 5 | K43: =($B43/2-$G43)/(($B43/2-$G43)+$C43) -> 0.64705882 | L43: =($B43/2-$H43)/(($B43/2-$H43)+$D43) -> 0.71428571 | M43: =($B43/2-$I43)/(($B43/2-$I43)+$E43) -> 0.63636364 | N43: =($B43/2-$J43)/(($B43/2-$J43)+$F43) -> 0.57894737 | O43: =($B43/2-$G43)/($B43/2) -> 0.6875 | P43: =($B43/2-$H43)/($B43/2) -> 0.625 | Q43: =($B43/2-$I43)/($B43/2) -> 0.875 | R43: =($B43/2-$J43)/($B43/2) -> 0.6875 | S43: =$K43*$O43*2/($K43+$O43) -> 0.66666667 | T43: =$L43*$P43*2/($L43+$P43) -> 0.66666667 | U43: =$M43*$Q43*2/($M43+$Q43) -> 0.73684211 | V43: =$N43*$R43*2/($N43+$R43) -> 0.62857143 | W43: =($B43-$C43-$G43)/$B43 -> 0.65625 | X43: =($B43-$D43-$H43)/$B43 -> 0.6875 | Y43: =($B43-$E43-$I43)/$B43 -> 0.6875 | Z43: =($B43-$F43-$J43)/$B43 -> 0.59375
A44: NBspecific | B44: 40 | C44: =Final_evaluation!$C$236 -> 3 | D44: =Final_evaluation!$E$236 -> 4 | E44: =Final_evaluation!$F$236 -> 6 | F44: =Final_evaluation!$G$236 -> 4 | G44: =Final_evaluation!$C$237 -> 0 | H44: =Final_evaluation!$E$237 -> 1 | I44: =Final_evaluation!$F$237 -> 1 | J44: =Final_evaluation!$G$237 -> 1 | K44: =($B44/2-$G44)/(($B44/2-$G44)+$C44) -> 0.86956522 | L44: =($B44/2-$H44)/(($B44/2-$H44)+$D44) -> 0.82608696 | M44: =($B44/2-$I44)/(($B44/2-$I44)+$E44) -> 0.76 | N44: =($B44/2-$J44)/(($B44/2-$J44)+$F44) -> 0.82608696 | O44: =($B44/2-$G44)/($B44/2) -> 1 | P44: =($B44/2-$H44)/($B44/2) -> 0.95 | Q44: =($B44/2-$I44)/($B44/2) -> 0.95 | R44: =($B44/2-$J44)/($B44/2) -> 0.95 | S44: =$K44*$O44*2/($K44+$O44) -> 0.93023256 | T44: =$L44*$P44*2/($L44+$P44) -> 0.88372093 | U44: =$M44*$Q44*2/($M44+$Q44) -> 0.84444444 | V44: =$N44*$R44*2/($N44+$R44) -> 0.88372093 | W44: =($B44-$C44-$G44)/$B44 -> 0.925 | X44: =($B44-$D44-$H44)/$B44 -> 0.875 | Y44: =($B44-$E44-$I44)/$B44 -> 0.825 | Z44: =($B44-$F44-$J44)/$B44 -> 0.875
A45: total | B45: =SUM(B38:B44) -> 222 | C45: =SUM(C38:C44) -> 47 | D45: =SUM(D38:D44) -> 43 | E45: =SUM(E38:E44) -> 40 | F45: =SUM(F38:F44) -> 48 | G45: =SUM(G38:G44) -> 12 | H45: =SUM(H38:H44) -> 14 | I45: =SUM(I38:I44) -> 17 | J45: =SUM(J38:J44) -> 14 | K45: =($B45/2-$G45)/(($B45/2-$G45)+$C45) -> 0.67808219 | L45: =($B45/2-$H45)/(($B45/2-$H45)+$D45) -> 0.69285714 | M45: =($B45/2-$I45)/(($B45/2-$I45)+$E45) -> 0.70149254 | N45: =($B45/2-$J45)/(($B45/2-$J45)+$F45) -> 0.66896552 | O45: =($B45/2-$G45)/($B45/2) -> 0.89189189 | P45: =($B45/2-$H45)/($B45/2) -> 0.87387387 | Q45: =($B45/2-$I45)/($B45/2) -> 0.84684685 | R45: =($B45/2-$J45)/($B45/2) -> 0.87387387 | S45: =$K45*$O45*2/($K45+$O45) -> 0.77042802 | T45: =$L45*$P45*2/($L45+$P45) -> 0.77290837 | U45: =$M45*$Q45*2/($M45+$Q45) -> 0.76734694 | V45: =$N45*$R45*2/($N45+$R45) -> 0.7578125 | W45: =($B45-$C45-$G45)/$B45 -> 0.73423423 | X45: =($B45-$D45-$H45)/$B45 -> 0.74324324 | Y45: =($B45-$E45-$I45)/$B45 -> 0.74324324 | Z45: =($B45-$F45-$J45)/$B45 -> 0.72072072
A48: qwen 2.5 32b instruct | B48: Count | C48: FP+RT | D48: FP+RT-S | E48: FP+RT-V | F48: FP+RT-R | G48: FN+RT | H48: FN+RT-S | I48: FN+RT-V | J48: FN+RT-R | K48: Prec+RT | L48: Prec+RT-S | M48: Prec+RT-V | N48: Prec+RT-R | O48: Rec+RT | P48: Rec+RT-S | Q48: Rec+RT-V | R48: Rec+RT-R | S48: F1+RT | T48: F1+RT-S | U48: F1+RT-V | V48: F1+RT-R | W48: Acc+RT | X48: Acc+RT-S | Y48: Acc+RT-V | Z48: Acc+RT-R
A49: tensorflow | B49: 30 | C49: =Final_evaluation!$I$224 -> 0 | D49: =Final_evaluation!$K$224 -> 2 | E49: =Final_evaluation!$L$224 -> 2 | F49: =Final_evaluation!$M$224 -> 4 | G49: =Final_evaluation!$I$225 -> 2 | H49: =Final_evaluation!$K$225 -> 3 | I49: =Final_evaluation!$L$225 -> 3 | J49: =Final_evaluation!$M$225 -> 2 | K49: =($B49/2-$G49)/(($B49/2-$G49)+$C49) -> 1 | L49: =($B49/2-$H49)/(($B49/2-$H49)+$D49) -> 0.85714286 | M49: =($B49/2-$I49)/(($B49/2-$I49)+$E49) -> 0.85714286 | N49: =($B49/2-$J49)/(($B49/2-$J49)+$F49) -> 0.76470588 | O49: =($B49/2-$G49)/($B49/2) -> 0.86666667 | P49: =($B49/2-$H49)/($B49/2) -> 0.8 | Q49: =($B49/2-$I49)/($B49/2) -> 0.8 | R49: =($B49/2-$J49)/($B49/2) -> 0.86666667 | S49: =$K49*$O49*2/($K49+$O49) -> 0.92857143 | T49: =$L49*$P49*2/($L49+$P49) -> 0.82758621 | U49: =$M49*$Q49*2/($M49+$Q49) -> 0.82758621 | V49: =$N49*$R49*2/($N49+$R49) -> 0.8125 | W49: =($B49-$C49-$G49)/$B49 -> 0.93333333 | X49: =($B49-$D49-$H49)/$B49 -> 0.83333333 | Y49: =($B49-$E49-$I49)/$B49 -> 0.83333333 | Z49: =($B49-$F49-$J49)/$B49 -> 0.8
A50: torch | B50: 30 | C50: =Final_evaluation!$I$226 -> 5 | D50: =Final_evaluation!$K$226 -> 4 | E50: =Final_evaluation!$L$226 -> 3 | F50: =Final_evaluation!$M$226 -> 6 | G50: =Final_evaluation!$I$227 -> 7 | H50: =Final_evaluation!$K$227 -> 11 | I50: =Final_evaluation!$L$227 -> 11 | J50: =Final_evaluation!$M$227 -> 6 | K50: =($B50/2-$G50)/(($B50/2-$G50)+$C50) -> 0.61538462 | L50: =($B50/2-$H50)/(($B50/2-$H50)+$D50) -> 0.5 | M50: =($B50/2-$I50)/(($B50/2-$I50)+$E50) -> 0.57142857 | N50: =($B50/2-$J50)/(($B50/2-$J50)+$F50) -> 0.6 | O50: =($B50/2-$G50)/($B50/2) -> 0.53333333 | P50: =($B50/2-$H50)/($B50/2) -> 0.26666667 | Q50: =($B50/2-$I50)/($B50/2) -> 0.26666667 | R50: =($B50/2-$J50)/($B50/2) -> 0.6 | S50: =$K50*$O50*2/($K50+$O50) -> 0.57142857 | T50: =$L50*$P50*2/($L50+$P50) -> 0.34782609 | U50: =$M50*$Q50*2/($M50+$Q50) -> 0.36363636 | V50: =$N50*$R50*2/($N50+$R50) -> 0.6 | W50: =($B50-$C50-$G50)/$B50 -> 0.6 | X50: =($B50-$D50-$H50)/$B50 -> 0.5 | Y50: =($B50-$E50-$I50)/$B50 -> 0.53333333 | Z50: =($B50-$F50-$J50)/$B50 -> 0.6
A51: sklearn | B51: 30 | C51: =Final_evaluation!$I$228 -> 1 | D51: =Final_evaluation!$K$228 -> 2 | E51: =Final_evaluation!$L$228 -> 1 | F51: =Final_evaluation!$M$228 -> 2 | G51: =Final_evaluation!$I$229 -> 4 | H51: =Final_evaluation!$K$229 -> 3 | I51: =Final_evaluation!$L$229 -> 3 | J51: =Final_evaluation!$M$229 -> 4 | K51: =($B51/2-$G51)/(($B51/2-$G51)+$C51) -> 0.91666667 | L51: =($B51/2-$H51)/(($B51/2-$H51)+$D51) -> 0.85714286 | M51: =($B51/2-$I51)/(($B51/2-$I51)+$E51) -> 0.92307692 | N51: =($B51/2-$J51)/(($B51/2-$J51)+$F51) -> 0.84615385 | O51: =($B51/2-$G51)/($B51/2) -> 0.73333333 | P51: =($B51/2-$H51)/($B51/2) -> 0.8 | Q51: =($B51/2-$I51)/($B51/2) -> 0.8 | R51: =($B51/2-$J51)/($B51/2) -> 0.73333333 | S51: =$K51*$O51*2/($K51+$O51) -> 0.81481481 | T51: =$L51*$P51*2/($L51+$P51) -> 0.82758621 | U51: =$M51*$Q51*2/($M51+$Q51) -> 0.85714286 | V51: =$N51*$R51*2/($N51+$R51) -> 0.78571429 | W51: =($B51-$C51-$G51)/$B51 -> 0.83333333 | X51: =($B51-$D51-$H51)/$B51 -> 0.83333333 | Y51: =($B51-$E51-$I51)/$B51 -> 0.86666667 | Z51: =($B51-$F51-$J51)/$B51 -> 0.8
A52: pandas | B52: 30 | C52: =Final_evaluation!$I$230 -> 2 | D52: =Final_evaluation!$K$230 -> 3 | E52: =Final_evaluation!$L$230 -> 3 | F52: =Final_evaluation!$M$230 -> 6 | G52: =Final_evaluation!$I$231 -> 5 | H52: =Final_evaluation!$K$231 -> 6 | I52: =Final_evaluation!$L$231 -> 6 | J52: =Final_evaluation!$M$231 -> 5 | K52: =($B52/2-$G52)/(($B52/2-$G52)+$C52) -> 0.83333333 | L52: =($B52/2-$H52)/(($B52/2-$H52)+$D52) -> 0.75 | M52: =($B52/2-$I52)/(($B52/2-$I52)+$E52) -> 0.75 | N52: =($B52/2-$J52)/(($B52/2-$J52)+$F52) -> 0.625 | O52: =($B52/2-$G52)/($B52/2) -> 0.66666667 | P52: =($B52/2-$H52)/($B52/2) -> 0.6 | Q52: =($B52/2-$I52)/($B52/2) -> 0.6 | R52: =($B52/2-$J52)/($B52/2) -> 0.66666667 | S52: =$K52*$O52*2/($K52+$O52) -> 0.74074074 | T52: =$L52*$P52*2/($L52+$P52) -> 0.66666667 | U52: =$M52*$Q52*2/($M52+$Q52) -> 0.66666667 | V52: =$N52*$R52*2/($N52+$R52) -> 0.64516129 | W52: =($B52-$C52-$G52)/$B52 -> 0.76666667 | X52: =($B52-$D52-$H52)/$B52 -> 0.7 | Y52: =($B52-$E52-$I52)/$B52 -> 0.7 | Z52: =($B52-$F52-$J52)/$B52 -> 0.63333333
A53: numpy | B53: 30 | C53: =Final_evaluation!$I$232 -> 2 | D53: =Final_evaluation!$K$232 -> 3 | E53: =Final_evaluation!$L$232 -> 2 | F53: =Final_evaluation!$M$232 -> 3 | G53: =Final_evaluation!$I$233 -> 8 | H53: =Final_evaluation!$K$233 -> 8 | I53: =Final_evaluation!$L$233 -> 9 | J53: =Final_evaluation!$M$233 -> 9 | K53: =($B53/2-$G53)/(($B53/2-$G53)+$C53) -> 0.77777778 | L53: =($B53/2-$H53)/(($B53/2-$H53)+$D53) -> 0.7 | M53: =($B53/2-$I53)/(($B53/2-$I53)+$E53) -> 0.75 | N53: =($B53/2-$J53)/(($B53/2-$J53)+$F53) -> 0.66666667 | O53: =($B53/2-$G53)/($B53/2) -> 0.46666667 | P53: =($B53/2-$H53)/($B53/2) -> 0.46666667 | Q53: =($B53/2-$I53)/($B53/2) -> 0.4 | R53: =($B53/2-$J53)/($B53/2) -> 0.4 | S53: =$K53*$O53*2/($K53+$O53) -> 0.58333333 | T53: =$L53*$P53*2/($L53+$P53) -> 0.56 | U53: =$M53*$Q53*2/($M53+$Q53) -> 0.52173913 | V53: =$N53*$R53*2/($N53+$R53) -> 0.5 | W53: =($B53-$C53-$G53)/$B53 -> 0.66666667 | X53: =($B53-$D53-$H53)/$B53 -> 0.63333333 | Y53: =($B53-$E53-$I53)/$B53 -> 0.63333333 | Z53: =($B53-$F53-$J53)/$B53 -> 0.6
A54: other | B54: 32 | C54: =Final_evaluation!$I$234 -> 2 | D54: =Final_evaluation!$K$234 -> 3 | E54: =Final_evaluation!$L$234 -> 4 | F54: =Final_evaluation!$M$234 -> 4 | G54: =Final_evaluation!$I$235 -> 9 | H54: =Final_evaluation!$K$235 -> 11 | I54: =Final_evaluation!$L$235 -> 9 | J54: =Final_evaluation!$M$235 -> 10 | K54: =($B54/2-$G54)/(($B54/2-$G54)+$C54) -> 0.77777778 | L54: =($B54/2-$H54)/(($B54/2-$H54)+$D54) -> 0.625 | M54: =($B54/2-$I54)/(($B54/2-$I54)+$E54) -> 0.63636364 | N54: =($B54/2-$J54)/(($B54/2-$J54)+$F54) -> 0.6 | O54: =($B54/2-$G54)/($B54/2) -> 0.4375 | P54: =($B54/2-$H54)/($B54/2) -> 0.3125 | Q54: =($B54/2-$I54)/($B54/2) -> 0.4375 | R54: =($B54/2-$J54)/($B54/2) -> 0.375 | S54: =$K54*$O54*2/($K54+$O54) -> 0.56 | T54: =$L54*$P54*2/($L54+$P54) -> 0.41666667 | U54: =$M54*$Q54*2/($M54+$Q54) -> 0.51851852 | V54: =$N54*$R54*2/($N54+$R54) -> 0.46153846 | W54: =($B54-$C54-$G54)/$B54 -> 0.65625 | X54: =($B54-$D54-$H54)/$B54 -> 0.5625 | Y54: =($B54-$E54-$I54)/$B54 -> 0.59375 | Z54: =($B54-$F54-$J54)/$B54 -> 0.5625
A55: NBspecific | B55: 40 | C55: =Final_evaluation!$I$236 -> 0 | D55: =Final_evaluation!$K$236 -> 3 | E55: =Final_evaluation!$L$236 -> 1 | F55: =Final_evaluation!$M$236 -> 3 | G55: =Final_evaluation!$I$237 -> 2 | H55: =Final_evaluation!$K$237 -> 4 | I55: =Final_evaluation!$L$237 -> 2 | J55: =Final_evaluation!$M$237 -> 3 | K55: =($B55/2-$G55)/(($B55/2-$G55)+$C55) -> 1 | L55: =($B55/2-$H55)/(($B55/2-$H55)+$D55) -> 0.84210526 | M55: =($B55/2-$I55)/(($B55/2-$I55)+$E55) -> 0.94736842 | N55: =($B55/2-$J55)/(($B55/2-$J55)+$F55) -> 0.85 | O55: =($B55/2-$G55)/($B55/2) -> 0.9 | P55: =($B55/2-$H55)/($B55/2) -> 0.8 | Q55: =($B55/2-$I55)/($B55/2) -> 0.9 | R55: =($B55/2-$J55)/($B55/2) -> 0.85 | S55: =$K55*$O55*2/($K55+$O55) -> 0.94736842 | T55: =$L55*$P55*2/($L55+$P55) -> 0.82051282 | U55: =$M55*$Q55*2/($M55+$Q55) -> 0.92307692 | V55: =$N55*$R55*2/($N55+$R55) -> 0.85 | W55: =($B55-$C55-$G55)/$B55 -> 0.95 | X55: =($B55-$D55-$H55)/$B55 -> 0.825 | Y55: =($B55-$E55-$I55)/$B55 -> 0.925 | Z55: =($B55-$F55-$J55)/$B55 -> 0.85
A56: total | B56: =SUM(B49:B55) -> 222 | C56: =SUM(C49:C55) -> 12 | D56: =SUM(D49:D55) -> 20 | E56: =SUM(E49:E55) -> 16 | F56: =SUM(F49:F55) -> 28 | G56: =SUM(G49:G55) -> 37 | H56: =SUM(H49:H55) -> 46 | I56: =SUM(I49:I55) -> 43 | J56: =SUM(J49:J55) -> 39 | K56: =($B56/2-$G56)/(($B56/2-$G56)+$C56) -> 0.86046512 | L56: =($B56/2-$H56)/(($B56/2-$H56)+$D56) -> 0.76470588 | M56: =($B56/2-$I56)/(($B56/2-$I56)+$E56) -> 0.80952381 | N56: =($B56/2-$J56)/(($B56/2-$J56)+$F56) -> 0.72 | O56: =($B56/2-$G56)/($B56/2) -> 0.66666667 | P56: =($B56/2-$H56)/($B56/2) -> 0.58558559 | Q56: =($B56/2-$I56)/($B56/2) -> 0.61261261 | R56: =($B56/2-$J56)/($B56/2) -> 0.64864865 | S56: =$K56*$O56*2/($K56+$O56) -> 0.75126904 | T56: =$L56*$P56*2/($L56+$P56) -> 0.66326531 | U56: =$M56*$Q56*2/($M56+$Q56) -> 0.6974359 | V56: =$N56*$R56*2/($N56+$R56) -> 0.68246445 | W56: =($B56-$C56-$G56)/$B56 -> 0.77927928 | X56: =($B56-$D56-$H56)/$B56 -> 0.7027027 | Y56: =($B56-$E56-$I56)/$B56 -> 0.73423423 | Z56: =($B56-$F56-$J56)/$B56 -> 0.6981982
A59: gpt 5 | B59: Count | C59: FP+RT | D59: FP+RT-S | E59: FP+RT-V | F59: FP+RT-R | G59: FN+RT | H59: FN+RT-S | I59: FN+RT-V | J59: FN+RT-R | K59: Prec+RT | L59: Prec+RT-S | M59: Prec+RT-V | N59: Prec+RT-R | O59: Rec+RT | P59: Rec+RT-S | Q59: Rec+RT-V | R59: Rec+RT-R | S59: F1+RT | T59: F1+RT-S | U59: F1+RT-V | V59: F1+RT-R | W59: Acc+RT | X59: Acc+RT-S | Y59: Acc+RT-V | Z59: Acc+RT-R
A60: tensorflow | B60: 30 | C60: =Final_evaluation!$O$224 -> 2 | D60: =Final_evaluation!$Q$224 -> 2 | E60: =Final_evaluation!$R$224 -> 3 | F60: =Final_evaluation!$S$224 -> 3 | G60: =Final_evaluation!$O$225 -> 3 | H60: =Final_evaluation!$Q$225 -> 2 | I60: =Final_evaluation!$R$225 -> 3 | J60: =Final_evaluation!$S$225 -> 2 | K60: =($B60/2-$G60)/(($B60/2-$G60)+$C60) -> 0.85714286 | L60: =($B60/2-$H60)/(($B60/2-$H60)+$D60) -> 0.86666667 | M60: =($B60/2-$I60)/(($B60/2-$I60)+$E60) -> 0.8 | N60: =($B60/2-$J60)/(($B60/2-$J60)+$F60) -> 0.8125 | O60: =($B60/2-$G60)/($B60/2) -> 0.8 | P60: =($B60/2-$H60)/($B60/2) -> 0.86666667 | Q60: =($B60/2-$I60)/($B60/2) -> 0.8 | R60: =($B60/2-$J60)/($B60/2) -> 0.86666667 | S60: =$K60*$O60*2/($K60+$O60) -> 0.82758621 | T60: =$L60*$P60*2/($L60+$P60) -> 0.86666667 | U60: =$M60*$Q60*2/($M60+$Q60) -> 0.8 | V60: =$N60*$R60*2/($N60+$R60) -> 0.83870968 | W60: =($B60-$C60-$G60)/$B60 -> 0.83333333 | X60: =($B60-$D60-$H60)/$B60 -> 0.86666667 | Y60: =($B60-$E60-$I60)/$B60 -> 0.8 | Z60: =($B60-$F60-$J60)/$B60 -> 0.83333333
A61: torch | B61: 30 | C61: =Final_evaluation!$O$226 -> 5 | D61: =Final_evaluation!$Q$226 -> 4 | E61: =Final_evaluation!$R$226 -> 5 | F61: =Final_evaluation!$S$226 -> 4 | G61: =Final_evaluation!$O$227 -> 3 | H61: =Final_evaluation!$Q$227 -> 4 | I61: =Final_evaluation!$R$227 -> 5 | J61: =Final_evaluation!$S$227 -> 4 | K61: =($B61/2-$G61)/(($B61/2-$G61)+$C61) -> 0.70588235 | L61: =($B61/2-$H61)/(($B61/2-$H61)+$D61) -> 0.73333333 | M61: =($B61/2-$I61)/(($B61/2-$I61)+$E61) -> 0.66666667 | N61: =($B61/2-$J61)/(($B61/2-$J61)+$F61) -> 0.73333333 | O61: =($B61/2-$G61)/($B61/2) -> 0.8 | P61: =($B61/2-$H61)/($B61/2) -> 0.73333333 | Q61: =($B61/2-$I61)/($B61/2) -> 0.66666667 | R61: =($B61/2-$J61)/($B61/2) -> 0.73333333 | S61: =$K61*$O61*2/($K61+$O61) -> 0.75 | T61: =$L61*$P61*2/($L61+$P61) -> 0.73333333 | U61: =$M61*$Q61*2/($M61+$Q61) -> 0.66666667 | V61: =$N61*$R61*2/($N61+$R61) -> 0.73333333 | W61: =($B61-$C61-$G61)/$B61 -> 0.73333333 | X61: =($B61-$D61-$H61)/$B61 -> 0.73333333 | Y61: =($B61-$E61-$I61)/$B61 -> 0.66666667 | Z61: =($B61-$F61-$J61)/$B61 -> 0.73333333
A62: sklearn | B62: 30 | C62: =Final_evaluation!$O$228 -> 3 | D62: =Final_evaluation!$Q$228 -> 1 | E62: =Final_evaluation!$R$228 -> 0 | F62: =Final_evaluation!$S$228 -> 3 | G62: =Final_evaluation!$O$229 -> 1 | H62: =Final_evaluation!$Q$229 -> 1 | I62: =Final_evaluation!$R$229 -> 1 | J62: =Final_evaluation!$S$229 -> 0 | K62: =($B62/2-$G62)/(($B62/2-$G62)+$C62) -> 0.82352941 | L62: =($B62/2-$H62)/(($B62/2-$H62)+$D62) -> 0.93333333 | M62: =($B62/2-$I62)/(($B62/2-$I62)+$E62) -> 1 | N62: =($B62/2-$J62)/(($B62/2-$J62)+$F62) -> 0.83333333 | O62: =($B62/2-$G62)/($B62/2) -> 0.93333333 | P62: =($B62/2-$H62)/($B62/2) -> 0.93333333 | Q62: =($B62/2-$I62)/($B62/2) -> 0.93333333 | R62: =($B62/2-$J62)/($B62/2) -> 1 | S62: =$K62*$O62*2/($K62+$O62) -> 0.875 | T62: =$L62*$P62*2/($L62+$P62) -> 0.93333333 | U62: =$M62*$Q62*2/($M62+$Q62) -> 0.96551724 | V62: =$N62*$R62*2/($N62+$R62) -> 0.90909091 | W62: =($B62-$C62-$G62)/$B62 -> 0.86666667 | X62: =($B62-$D62-$H62)/$B62 -> 0.93333333 | Y62: =($B62-$E62-$I62)/$B62 -> 0.96666667 | Z62: =($B62-$F62-$J62)/$B62 -> 0.9
A63: pandas | B63: 30 | C63: =Final_evaluation!$O$230 -> 2 | D63: =Final_evaluation!$Q$230 -> 2 | E63: =Final_evaluation!$R$230 -> 3 | F63: =Final_evaluation!$S$230 -> 1 | G63: =Final_evaluation!$O$231 -> 5 | H63: =Final_evaluation!$Q$231 -> 4 | I63: =Final_evaluation!$R$231 -> 7 | J63: =Final_evaluation!$S$231 -> 3 | K63: =($B63/2-$G63)/(($B63/2-$G63)+$C63) -> 0.83333333 | L63: =($B63/2-$H63)/(($B63/2-$H63)+$D63) -> 0.84615385 | M63: =($B63/2-$I63)/(($B63/2-$I63)+$E63) -> 0.72727273 | N63: =($B63/2-$J63)/(($B63/2-$J63)+$F63) -> 0.92307692 | O63: =($B63/2-$G63)/($B63/2) -> 0.66666667 | P63: =($B63/2-$H63)/($B63/2) -> 0.73333333 | Q63: =($B63/2-$I63)/($B63/2) -> 0.53333333 | R63: =($B63/2-$J63)/($B63/2) -> 0.8 | S63: =$K63*$O63*2/($K63+$O63) -> 0.74074074 | T63: =$L63*$P63*2/($L63+$P63) -> 0.78571429 | U63: =$M63*$Q63*2/($M63+$Q63) -> 0.61538462 | V63: =$N63*$R63*2/($N63+$R63) -> 0.85714286 | W63: =($B63-$C63-$G63)/$B63 -> 0.76666667 | X63: =($B63-$D63-$H63)/$B63 -> 0.8 | Y63: =($B63-$E63-$I63)/$B63 -> 0.66666667 | Z63: =($B63-$F63-$J63)/$B63 -> 0.86666667
A64: numpy | B64: 30 | C64: =Final_evaluation!$O$232 -> 3 | D64: =Final_evaluation!$Q$232 -> 4 | E64: =Final_evaluation!$R$232 -> 5 | F64: =Final_evaluation!$S$232 -> 4 | G64: =Final_evaluation!$O$233 -> 4 | H64: =Final_evaluation!$Q$233 -> 4 | I64: =Final_evaluation!$R$233 -> 4 | J64: =Final_evaluation!$S$233 -> 4 | K64: =($B64/2-$G64)/(($B64/2-$G64)+$C64) -> 0.78571429 | L64: =($B64/2-$H64)/(($B64/2-$H64)+$D64) -> 0.73333333 | M64: =($B64/2-$I64)/(($B64/2-$I64)+$E64) -> 0.6875 | N64: =($B64/2-$J64)/(($B64/2-$J64)+$F64) -> 0.73333333 | O64: =($B64/2-$G64)/($B64/2) -> 0.73333333 | P64: =($B64/2-$H64)/($B64/2) -> 0.73333333 | Q64: =($B64/2-$I64)/($B64/2) -> 0.73333333 | R64: =($B64/2-$J64)/($B64/2) -> 0.73333333 | S64: =$K64*$O64*2/($K64+$O64) -> 0.75862069 | T64: =$L64*$P64*2/($L64+$P64) -> 0.73333333 | U64: =$M64*$Q64*2/($M64+$Q64) -> 0.70967742 | V64: =$N64*$R64*2/($N64+$R64) -> 0.73333333 | W64: =($B64-$C64-$G64)/$B64 -> 0.76666667 | X64: =($B64-$D64-$H64)/$B64 -> 0.73333333 | Y64: =($B64-$E64-$I64)/$B64 -> 0.7 | Z64: =($B64-$F64-$J64)/$B64 -> 0.73333333
A65: other | B65: 32 | C65: =Final_evaluation!$O$234 -> 4 | D65: =Final_evaluation!$Q$234 -> 3 | E65: =Final_evaluation!$R$234 -> 4 | F65: =Final_evaluation!$S$234 -> 3 | G65: =Final_evaluation!$O$235 -> 6 | H65: =Final_evaluation!$Q$235 -> 7 | I65: =Final_evaluation!$R$235 -> 7 | J65: =Final_evaluation!$S$235 -> 6 | K65: =($B65/2-$G65)/(($B65/2-$G65)+$C65) -> 0.71428571 | L65: =($B65/2-$H65)/(($B65/2-$H65)+$D65) -> 0.75 | M65: =($B65/2-$I65)/(($B65/2-$I65)+$E65) -> 0.69230769 | N65: =($B65/2-$J65)/(($B65/2-$J65)+$F65) -> 0.76923077 | O65: =($B65/2-$G65)/($B65/2) -> 0.625 | P65: =($B65/2-$H65)/($B65/2) -> 0.5625 | Q65: =($B65/2-$I65)/($B65/2) -> 0.5625 | R65: =($B65/2-$J65)/($B65/2) -> 0.625 | S65: =$K65*$O65*2/($K65+$O65) -> 0.66666667 | T65: =$L65*$P65*2/($L65+$P65) -> 0.64285714 | U65: =$M65*$Q65*2/($M65+$Q65) -> 0.62068966 | V65: =$N65*$R65*2/($N65+$R65) -> 0.68965517 | W65: =($B65-$C65-$G65)/$B65 -> 0.6875 | X65: =($B65-$D65-$H65)/$B65 -> 0.6875 | Y65: =($B65-$E65-$I65)/$B65 -> 0.65625 | Z65: =($B65-$F65-$J65)/$B65 -> 0.71875
A66: NBspecific | B66: 40 | C66: =Final_evaluation!$O$236 -> 1 | D66: =Final_evaluation!$Q$236 -> 1 | E66: =Final_evaluation!$R$236 -> 0 | F66: =Final_evaluation!$S$236 -> 2 | G66: =Final_evaluation!$O$237 -> 1 | H66: =Final_evaluation!$Q$237 -> 2 | I66: =Final_evaluation!$R$237 -> 4 | J66: =Final_evaluation!$S$237 -> 1 | K66: =($B66/2-$G66)/(($B66/2-$G66)+$C66) -> 0.95 | L66: =($B66/2-$H66)/(($B66/2-$H66)+$D66) -> 0.94736842 | M66: =($B66/2-$I66)/(($B66/2-$I66)+$E66) -> 1 | N66: =($B66/2-$J66)/(($B66/2-$J66)+$F66) -> 0.9047619 | O66: =($B66/2-$G66)/($B66/2) -> 0.95 | P66: =($B66/2-$H66)/($B66/2) -> 0.9 | Q66: =($B66/2-$I66)/($B66/2) -> 0.8 | R66: =($B66/2-$J66)/($B66/2) -> 0.95 | S66: =$K66*$O66*2/($K66+$O66) -> 0.95 | T66: =$L66*$P66*2/($L66+$P66) -> 0.92307692 | U66: =$M66*$Q66*2/($M66+$Q66) -> 0.88888889 | V66: =$N66*$R66*2/($N66+$R66) -> 0.92682927 | W66: =($B66-$C66-$G66)/$B66 -> 0.95 | X66: =($B66-$D66-$H66)/$B66 -> 0.925 | Y66: =($B66-$E66-$I66)/$B66 -> 0.9 | Z66: =($B66-$F66-$J66)/$B66 -> 0.925
A67: total | B67: =SUM(B60:B66) -> 222 | C67: =SUM(C60:C66) -> 20 | D67: =SUM(D60:D66) -> 17 | E67: =SUM(E60:E66) -> 20 | F67: =SUM(F60:F66) -> 20 | G67: =SUM(G60:G66) -> 23 | H67: =SUM(H60:H66) -> 24 | I67: =SUM(I60:I66) -> 31 | J67: =SUM(J60:J66) -> 20 | K67: =($B67/2-$G67)/(($B67/2-$G67)+$C67) -> 0.81481481 | L67: =($B67/2-$H67)/(($B67/2-$H67)+$D67) -> 0.83653846 | M67: =($B67/2-$I67)/(($B67/2-$I67)+$E67) -> 0.8 | N67: =($B67/2-$J67)/(($B67/2-$J67)+$F67) -> 0.81981982 | O67: =($B67/2-$G67)/($B67/2) -> 0.79279279 | P67: =($B67/2-$H67)/($B67/2) -> 0.78378378 | Q67: =($B67/2-$I67)/($B67/2) -> 0.72072072 | R67: =($B67/2-$J67)/($B67/2) -> 0.81981982 | S67: =$K67*$O67*2/($K67+$O67) -> 0.80365297 | T67: =$L67*$P67*2/($L67+$P67) -> 0.80930233 | U67: =$M67*$Q67*2/($M67+$Q67) -> 0.75829384 | V67: =$N67*$R67*2/($N67+$R67) -> 0.81981982 | W67: =($B67-$C67-$G67)/$B67 -> 0.80630631 | X67: =($B67-$D67-$H67)/$B67 -> 0.81531532 | Y67: =($B67-$E67-$I67)/$B67 -> 0.77027027 | Z67: =($B67-$F67-$J67)/$B67 -> 0.81981982
A69: Runtime information with documentation
A71: gemini 2.5 flash | B71: Count | C71: FP+RT | D71: FP+RT+doc | E71: FN+RT | F71: FN+RT+doc | G71: Prec+RT | H71: Prec+RT+doc | I71: Rec+RT | J71: Rec+RT+doc | K71: F1+RT | L71: F1+RT+doc | M71: Acc+RT | N71: Acc+RT+doc
A72: tensorflow | B72: 30 | C72: =Final_evaluation!$C$224 -> 11 | D72: =Final_evaluation!$D$224 -> 9 | E72: =Final_evaluation!$C$225 -> 1 | F72: =Final_evaluation!$D$225 -> 1 | G72: =($B72/2-$E72)/(($B72/2-$E72)+$C72) -> 0.56 | H72: =($B72/2-$F72)/(($B72/2-$F72)+$D72) -> 0.60869565 | I72: =($B72/2-$E72)/($B72/2) -> 0.93333333 | J72: =($B72/2-$F72)/($B72/2) -> 0.93333333 | K72: =$G72*$I72*2/($G72+$I72) -> 0.7 | L72: =$H72*$J72*2/($H72+$J72) -> 0.73684211 | M72: =($B72-$C72-$E72)/$B72 -> 0.6 | N72: =($B72-$D72-$F72)/$B72 -> 0.66666667
A73: torch | B73: 30 | C73: =Final_evaluation!$C$226 -> 10 | D73: =Final_evaluation!$D$226 -> 7 | E73: =Final_evaluation!$C$227 -> 2 | F73: =Final_evaluation!$D$227 -> 2 | G73: =($B73/2-$E73)/(($B73/2-$E73)+$C73) -> 0.56521739 | H73: =($B73/2-$F73)/(($B73/2-$F73)+$D73) -> 0.65 | I73: =($B73/2-$E73)/($B73/2) -> 0.86666667 | J73: =($B73/2-$F73)/($B73/2) -> 0.86666667 | K73: =$G73*$I73*2/($G73+$I73) -> 0.68421053 | L73: =$H73*$J73*2/($H73+$J73) -> 0.74285714 | M73: =($B73-$C73-$E73)/$B73 -> 0.6 | N73: =($B73-$D73-$F73)/$B73 -> 0.7
A74: sklearn | B74: 30 | C74: =Final_evaluation!$C$228 -> 4 | D74: =Final_evaluation!$D$228 -> 3 | E74: =Final_evaluation!$C$229 -> 0 | F74: =Final_evaluation!$D$229 -> 0 | G74: =($B74/2-$E74)/(($B74/2-$E74)+$C74) -> 0.78947368 | H74: =($B74/2-$F74)/(($B74/2-$F74)+$D74) -> 0.83333333 | I74: =($B74/2-$E74)/($B74/2) -> 1 | J74: =($B74/2-$F74)/($B74/2) -> 1 | K74: =$G74*$I74*2/($G74+$I74) -> 0.88235294 | L74: =$H74*$J74*2/($H74+$J74) -> 0.90909091 | M74: =($B74-$C74-$E74)/$B74 -> 0.86666667 | N74: =($B74-$D74-$F74)/$B74 -> 0.9
A75: pandas | B75: 30 | C75: =Final_evaluation!$C$230 -> 3 | D75: =Final_evaluation!$D$230 -> 4 | E75: =Final_evaluation!$C$231 -> 1 | F75: =Final_evaluation!$D$231 -> 3 | G75: =($B75/2-$E75)/(($B75/2-$E75)+$C75) -> 0.82352941 | H75: =($B75/2-$F75)/(($B75/2-$F75)+$D75) -> 0.75 | I75: =($B75/2-$E75)/($B75/2) -> 0.93333333 | J75: =($B75/2-$F75)/($B75/2) -> 0.8 | K75: =$G75*$I75*2/($G75+$I75) -> 0.875 | L75: =$H75*$J75*2/($H75+$J75) -> 0.77419355 | M75: =($B75-$C75-$E75)/$B75 -> 0.86666667 | N75: =($B75-$D75-$F75)/$B75 -> 0.76666667
A76: numpy | B76: 30 | C76: =Final_evaluation!$C$232 -> 10 | D76: =Final_evaluation!$D$232 -> 8 | E76: =Final_evaluation!$C$233 -> 3 | F76: =Final_evaluation!$D$233 -> 3 | G76: =($B76/2-$E76)/(($B76/2-$E76)+$C76) -> 0.54545455 | H76: =($B76/2-$F76)/(($B76/2-$F76)+$D76) -> 0.6 | I76: =($B76/2-$E76)/($B76/2) -> 0.8 | J76: =($B76/2-$F76)/($B76/2) -> 0.8 | K76: =$G76*$I76*2/($G76+$I76) -> 0.64864865 | L76: =$H76*$J76*2/($H76+$J76) -> 0.68571429 | M76: =($B76-$C76-$E76)/$B76 -> 0.56666667 | N76: =($B76-$D76-$F76)/$B76 -> 0.63333333
A77: other | B77: 32 | C77: =Final_evaluation!$C$234 -> 6 | D77: =Final_evaluation!$D$234 -> 10 | E77: =Final_evaluation!$C$235 -> 5 | F77: =Final_evaluation!$D$235 -> 5 | G77: =($B77/2-$E77)/(($B77/2-$E77)+$C77) -> 0.64705882 | H77: =($B77/2-$F77)/(($B77/2-$F77)+$D77) -> 0.52380952 | I77: =($B77/2-$E77)/($B77/2) -> 0.6875 | J77: =($B77/2-$F77)/($B77/2) -> 0.6875 | K77: =$G77*$I77*2/($G77+$I77) -> 0.66666667 | L77: =$H77*$J77*2/($H77+$J77) -> 0.59459459 | M77: =($B77-$C77-$E77)/$B77 -> 0.65625 | N77: =($B77-$D77-$F77)/$B77 -> 0.53125
A78: NBspecific | B78: 40 | C78: =Final_evaluation!$C$236 -> 3 | D78: =Final_evaluation!$D$236 -> 4 | E78: =Final_evaluation!$C$237 -> 0 | F78: =Final_evaluation!$D$237 -> 2 | G78: =($B78/2-$E78)/(($B78/2-$E78)+$C78) -> 0.86956522 | H78: =($B78/2-$F78)/(($B78/2-$F78)+$D78) -> 0.81818182 | I78: =($B78/2-$E78)/($B78/2) -> 1 | J78: =($B78/2-$F78)/($B78/2) -> 0.9 | K78: =$G78*$I78*2/($G78+$I78) -> 0.93023256 | L78: =$H78*$J78*2/($H78+$J78) -> 0.85714286 | M78: =($B78-$C78-$E78)/$B78 -> 0.925 | N78: =($B78-$D78-$F78)/$B78 -> 0.85
A79: total | B79: =SUM(B72:B78) -> 222 | C79: =SUM(C72:C78) -> 47 | D79: =SUM(D72:D78) -> 45 | E79: =SUM(E72:E78) -> 12 | F79: =SUM(F72:F78) -> 16 | G79: =($B79/2-$E79)/(($B79/2-$E79)+$C79) -> 0.67808219 | H79: =($B79/2-$F79)/(($B79/2-$F79)+$D79) -> 0.67857143 | I79: =($B79/2-$E79)/($B79/2) -> 0.89189189 | J79: =($B79/2-$F79)/($B79/2) -> 0.85585586 | K79: =$G79*$I79*2/($G79+$I79) -> 0.77042802 | L79: =$H79*$J79*2/($H79+$J79) -> 0.75697211 | M79: =($B79-$C79-$E79)/$B79 -> 0.73423423 | N79: =($B79-$D79-$F79)/$B79 -> 0.72522523
A82: qwen 2.5 32b instruct | B82: Count | C82: FP+RT | D82: FP+RT+doc | E82: FN+RT | F82: FN+RT+doc | G82: Prec+RT | H82: Prec+RT+doc | I82: Rec+RT | J82: Rec+RT+doc | K82: F1+RT | L82: F1+RT+doc | M82: Acc+RT | N82: Acc+RT+doc
A83: tensorflow | B83: 30 | C83: =Final_evaluation!$I$224 -> 0 | D83: =Final_evaluation!$J$224 -> 0 | E83: =Final_evaluation!$I$225 -> 2 | F83: =Final_evaluation!$J$225 -> 3 | G83: =($B83/2-$E83)/(($B83/2-$E83)+$C83) -> 1 | H83: =($B83/2-$F83)/(($B83/2-$F83)+$D83) -> 1 | I83: =($B83/2-$E83)/($B83/2) -> 0.86666667 | J83: =($B83/2-$F83)/($B83/2) -> 0.8 | K83: =$G83*$I83*2/($G83+$I83) -> 0.92857143 | L83: =$H83*$J83*2/($H83+$J83) -> 0.88888889 | M83: =($B83-$C83-$E83)/$B83 -> 0.93333333 | N83: =($B83-$D83-$F83)/$B83 -> 0.9
A84: torch | B84: 30 | C84: =Final_evaluation!$I$226 -> 5 | D84: =Final_evaluation!$J$226 -> 5 | E84: =Final_evaluation!$I$227 -> 7 | F84: =Final_evaluation!$J$227 -> 10 | G84: =($B84/2-$E84)/(($B84/2-$E84)+$C84) -> 0.61538462 | H84: =($B84/2-$F84)/(($B84/2-$F84)+$D84) -> 0.5 | I84: =($B84/2-$E84)/($B84/2) -> 0.53333333 | J84: =($B84/2-$F84)/($B84/2) -> 0.33333333 | K84: =$G84*$I84*2/($G84+$I84) -> 0.57142857 | L84: =$H84*$J84*2/($H84+$J84) -> 0.4 | M84: =($B84-$C84-$E84)/$B84 -> 0.6 | N84: =($B84-$D84-$F84)/$B84 -> 0.5
A85: sklearn | B85: 30 | C85: =Final_evaluation!$I$228 -> 1 | D85: =Final_evaluation!$J$228 -> 1 | E85: =Final_evaluation!$I$229 -> 4 | F85: =Final_evaluation!$J$229 -> 4 | G85: =($B85/2-$E85)/(($B85/2-$E85)+$C85) -> 0.91666667 | H85: =($B85/2-$F85)/(($B85/2-$F85)+$D85) -> 0.91666667 | I85: =($B85/2-$E85)/($B85/2) -> 0.73333333 | J85: =($B85/2-$F85)/($B85/2) -> 0.73333333 | K85: =$G85*$I85*2/($G85+$I85) -> 0.81481481 | L85: =$H85*$J85*2/($H85+$J85) -> 0.81481481 | M85: =($B85-$C85-$E85)/$B85 -> 0.83333333 | N85: =($B85-$D85-$F85)/$B85 -> 0.83333333
A86: pandas | B86: 30 | C86: =Final_evaluation!$I$230 -> 2 | D86: =Final_evaluation!$J$230 -> 2 | E86: =Final_evaluation!$I$231 -> 5 | F86: =Final_evaluation!$J$231 -> 4 | G86: =($B86/2-$E86)/(($B86/2-$E86)+$C86) -> 0.83333333 | H86: =($B86/2-$F86)/(($B86/2-$F86)+$D86) -> 0.84615385 | I86: =($B86/2-$E86)/($B86/2) -> 0.66666667 | J86: =($B86/2-$F86)/($B86/2) -> 0.73333333 | K86: =$G86*$I86*2/($G86+$I86) -> 0.74074074 | L86: =$H86*$J86*2/($H86+$J86) -> 0.78571429 | M86: =($B86-$C86-$E86)/$B86 -> 0.76666667 | N86: =($B86-$D86-$F86)/$B86 -> 0.8
A87: numpy | B87: 30 | C87: =Final_evaluation!$I$232 -> 2 | D87: =Final_evaluation!$J$232 -> 2 | E87: =Final_evaluation!$I$233 -> 8 | F87: =Final_evaluation!$J$233 -> 9 | G87: =($B87/2-$E87)/(($B87/2-$E87)+$C87) -> 0.77777778 | H87: =($B87/2-$F87)/(($B87/2-$F87)+$D87) -> 0.75 | I87: =($B87/2-$E87)/($B87/2) -> 0.46666667 | J87: =($B87/2-$F87)/($B87/2) -> 0.4 | K87: =$G87*$I87*2/($G87+$I87) -> 0.58333333 | L87: =$H87*$J87*2/($H87+$J87) -> 0.52173913 | M87: =($B87-$C87-$E87)/$B87 -> 0.66666667 | N87: =($B87-$D87-$F87)/$B87 -> 0.63333333
A88: other | B88: 32 | C88: =Final_evaluation!$I$234 -> 2 | D88: =Final_evaluation!$J$234 -> 2 | E88: =Final_evaluation!$I$235 -> 9 | F88: =Final_evaluation!$J$235 -> 9 | G88: =($B88/2-$E88)/(($B88/2-$E88)+$C88) -> 0.77777778 | H88: =($B88/2-$F88)/(($B88/2-$F88)+$D88) -> 0.77777778 | I88: =($B88/2-$E88)/($B88/2) -> 0.4375 | J88: =($B88/2-$F88)/($B88/2) -> 0.4375 | K88: =$G88*$I88*2/($G88+$I88) -> 0.56 | L88: =$H88*$J88*2/($H88+$J88) -> 0.56 | M88: =($B88-$C88-$E88)/$B88 -> 0.65625 | N88: =($B88-$D88-$F88)/$B88 -> 0.65625
A89: NBspecific | B89: 40 | C89: =Final_evaluation!$I$236 -> 0 | D89: =Final_evaluation!$J$236 -> 2 | E89: =Final_evaluation!$I$237 -> 2 | F89: =Final_evaluation!$J$237 -> 3 | G89: =($B89/2-$E89)/(($B89/2-$E89)+$C89) -> 1 | H89: =($B89/2-$F89)/(($B89/2-$F89)+$D89) -> 0.89473684 | I89: =($B89/2-$E89)/($B89/2) -> 0.9 | J89: =($B89/2-$F89)/($B89/2) -> 0.85 | K89: =$G89*$I89*2/($G89+$I89) -> 0.94736842 | L89: =$H89*$J89*2/($H89+$J89) -> 0.87179487 | M89: =($B89-$C89-$E89)/$B89 -> 0.95 | N89: =($B89-$D89-$F89)/$B89 -> 0.875
A90: total | B90: =SUM(B83:B89) -> 222 | C90: =SUM(C83:C89) -> 12 | D90: =SUM(D83:D89) -> 14 | E90: =SUM(E83:E89) -> 37 | F90: =SUM(F83:F89) -> 42 | G90: =($B90/2-$E90)/(($B90/2-$E90)+$C90) -> 0.86046512 | H90: =($B90/2-$F90)/(($B90/2-$F90)+$D90) -> 0.8313253 | I90: =($B90/2-$E90)/($B90/2) -> 0.66666667 | J90: =($B90/2-$F90)/($B90/2) -> 0.62162162 | K90: =$G90*$I90*2/($G90+$I90) -> 0.75126904 | L90: =$H90*$J90*2/($H90+$J90) -> 0.71134021 | M90: =($B90-$C90-$E90)/$B90 -> 0.77927928 | N90: =($B90-$D90-$F90)/$B90 -> 0.74774775
A93: gpt 5 | B93: Count | C93: FP+RT | D93: FP+RT+doc | E93: FN+RT | F93: FN+RT+doc | G93: Prec+RT | H93: Prec+RT+doc | I93: Rec+RT | J93: Rec+RT+doc | K93: F1+RT | L93: F1+RT+doc | M93: Acc+RT | N93: Acc+RT+doc
A94: tensorflow | B94: 30 | C94: =Final_evaluation!$O$224 -> 2 | D94: =Final_evaluation!$P$224 -> 3 | E94: =Final_evaluation!$O$225 -> 3 | F94: =Final_evaluation!$P$225 -> 2 | G94: =($B94/2-$E94)/(($B94/2-$E94)+$C94) -> 0.85714286 | H94: =($B94/2-$F94)/(($B94/2-$F94)+$D94) -> 0.8125 | I94: =($B94/2-$E94)/($B94/2) -> 0.8 | J94: =($B94/2-$F94)/($B94/2) -> 0.86666667 | K94: =$G94*$I94*2/($G94+$I94) -> 0.82758621 | L94: =$H94*$J94*2/($H94+$J94) -> 0.83870968 | M94: =($B94-$C94-$E94)/$B94 -> 0.83333333 | N94: =($B94-$D94-$F94)/$B94 -> 0.83333333
A95: torch | B95: 30 | C95: =Final_evaluation!$O$226 -> 5 | D95: =Final_evaluation!$P$226 -> 4 | E95: =Final_evaluation!$O$227 -> 3 | F95: =Final_evaluation!$P$227 -> 3 | G95: =($B95/2-$E95)/(($B95/2-$E95)+$C95) -> 0.70588235 | H95: =($B95/2-$F95)/(($B95/2-$F95)+$D95) -> 0.75 | I95: =($B95/2-$E95)/($B95/2) -> 0.8 | J95: =($B95/2-$F95)/($B95/2) -> 0.8 | K95: =$G95*$I95*2/($G95+$I95) -> 0.75 | L95: =$H95*$J95*2/($H95+$J95) -> 0.77419355 | M95: =($B95-$C95-$E95)/$B95 -> 0.73333333 | N95: =($B95-$D95-$F95)/$B95 -> 0.76666667
A96: sklearn | B96: 30 | C96: =Final_evaluation!$O$228 -> 3 | D96: =Final_evaluation!$P$228 -> 1 | E96: =Final_evaluation!$O$229 -> 1 | F96: =Final_evaluation!$P$229 -> 1 | G96: =($B96/2-$E96)/(($B96/2-$E96)+$C96) -> 0.82352941 | H96: =($B96/2-$F96)/(($B96/2-$F96)+$D96) -> 0.93333333 | I96: =($B96/2-$E96)/($B96/2) -> 0.93333333 | J96: =($B96/2-$F96)/($B96/2) -> 0.93333333 | K96: =$G96*$I96*2/($G96+$I96) -> 0.875 | L96: =$H96*$J96*2/($H96+$J96) -> 0.93333333 | M96: =($B96-$C96-$E96)/$B96 -> 0.86666667 | N96: =($B96-$D96-$F96)/$B96 -> 0.93333333
A97: pandas | B97: 30 | C97: =Final_evaluation!$O$230 -> 2 | D97: =Final_evaluation!$P$230 -> 2 | E97: =Final_evaluation!$O$231 -> 5 | F97: =Final_evaluation!$P$231 -> 4 | G97: =($B97/2-$E97)/(($B97/2-$E97)+$C97) -> 0.83333333 | H97: =($B97/2-$F97)/(($B97/2-$F97)+$D97) -> 0.84615385 | I97: =($B97/2-$E97)/($B97/2) -> 0.66666667 | J97: =($B97/2-$F97)/($B97/2) -> 0.73333333 | K97: =$G97*$I97*2/($G97+$I97) -> 0.74074074 | L97: =$H97*$J97*2/($H97+$J97) -> 0.78571429 | M97: =($B97-$C97-$E97)/$B97 -> 0.76666667 | N97: =($B97-$D97-$F97)/$B97 -> 0.8
A98: numpy | B98: 30 | C98: =Final_evaluation!$O$232 -> 3 | D98: =Final_evaluation!$P$232 -> 5 | E98: =Final_evaluation!$O$233 -> 4 | F98: =Final_evaluation!$P$233 -> 5 | G98: =($B98/2-$E98)/(($B98/2-$E98)+$C98) -> 0.78571429 | H98: =($B98/2-$F98)/(($B98/2-$F98)+$D98) -> 0.66666667 | I98: =($B98/2-$E98)/($B98/2) -> 0.73333333 | J98: =($B98/2-$F98)/($B98/2) -> 0.66666667 | K98: =$G98*$I98*2/($G98+$I98) -> 0.75862069 | L98: =$H98*$J98*2/($H98+$J98) -> 0.66666667 | M98: =($B98-$C98-$E98)/$B98 -> 0.76666667 | N98: =($B98-$D98-$F98)/$B98 -> 0.66666667
A99: other | B99: 32 | C99: =Final_evaluation!$O$234 -> 4 | D99: =Final_evaluation!$P$234 -> 3 | E99: =Final_evaluation!$O$235 -> 6 | F99: =Final_evaluation!$P$235 -> 7 | G99: =($B99/2-$E99)/(($B99/2-$E99)+$C99) -> 0.71428571 | H99: =($B99/2-$F99)/(($B99/2-$F99)+$D99) -> 0.75 | I99: =($B99/2-$E99)/($B99/2) -> 0.625 | J99: =($B99/2-$F99)/($B99/2) -> 0.5625 | K99: =$G99*$I99*2/($G99+$I99) -> 0.66666667 | L99: =$H99*$J99*2/($H99+$J99) -> 0.64285714 | M99: =($B99-$C99-$E99)/$B99 -> 0.6875 | N99: =($B99-$D99-$F99)/$B99 -> 0.6875
A100: NBspecific | B100: 40 | C100: =Final_evaluation!$O$236 -> 1 | D100: =Final_evaluation!$P$236 -> 2 | E100: =Final_evaluation!$O$237 -> 1 | F100: =Final_evaluation!$P$237 -> 3 | G100: =($B100/2-$E100)/(($B100/2-$E100)+$C100) -> 0.95 | H100: =($B100/2-$F100)/(($B100/2-$F100)+$D100) -> 0.89473684 | I100: =($B100/2-$E100)/($B100/2) -> 0.95 | J100: =($B100/2-$F100)/($B100/2) -> 0.85 | K100: =$G100*$I100*2/($G100+$I100) -> 0.95 | L100: =$H100*$J100*2/($H100+$J100) -> 0.87179487 | M100: =($B100-$C100-$E100)/$B100 -> 0.95 | N100: =($B100-$D100-$F100)/$B100 -> 0.875
A101: total | B101: =SUM(B94:B100) -> 222 | C101: =SUM(C94:C100) -> 20 | D101: =SUM(D94:D100) -> 20 | E101: =SUM(E94:E100) -> 23 | F101: =SUM(F94:F100) -> 25 | G101: =($B101/2-$E101)/(($B101/2-$E101)+$C101) -> 0.81481481 | H101: =($B101/2-$F101)/(($B101/2-$F101)+$D101) -> 0.81132075 | I101: =($B101/2-$E101)/($B101/2) -> 0.79279279 | J101: =($B101/2-$F101)/($B101/2) -> 0.77477477 | K101: =$G101*$I101*2/($G101+$I101) -> 0.80365297 | L101: =$H101*$J101*2/($H101+$J101) -> 0.79262673 | M101: =($B101-$C101-$E101)/$B101 -> 0.80630631 | N101: =($B101-$D101-$F101)/$B101 -> 0.7972973
